Web name,Position,Team,Cost,Selected,Form,Status,Minutes,Goals,Assist,Saves,GC,Season Goals,Season Assists,xA,xG,xGI,xGC,CS,OGs,Pens Missed,Pens Saved,Yellow cards,Red cards,Starts,Was home,Team H Score,Team A Score,Opponent Team,Influence,Creativity,Threat,ICT Index,Bps,GW Points,Transfers In,Transfers Out,Next Fixture
Raya,GKP,Arsenal,5.5,19.8,0.0,a,0,0,0,0,0,0,0,0.03,0.00,0.03,35.03,0,0,0,0,0,0,0,False,,,,0.0,0.0,0.0,0.0,0,0,0,0,Man Utd (Home)
Arrizabalaga,GKP,Arsenal,4.5,0.8,0.0,a,0,0,0,0,0,0,0,0.03,0.06,0.09,38.83,0,0,0,0,0,0,0,False,,,,0.0,0.0,0.0,0.0,0,0,0,0,Man Utd (Home)
Hein,GKP,Arsenal,4.0,0.9,0.0,a,0,0,0,0,0,0,0,0.00,0.00,0.00,0.00,0,0,0,0,0,0,0,False,,,,0.0,0.0,0.0,0.0,0,0,0,0,Man Utd (Home)
Setford,GKP,Arsenal,4.0,0.4,0.0,a,0,0,0,0,0,0,0,0.00,0.00,0.00,0.00,0,0,0,0,0,0,0,False,,,,0.0,0.0,0.0,0.0,0,0,0,0,Man Utd (Home)
Gabriel,DEF,Arsenal,6.0,30.4,0.0,a,0,0,0,0,0,3,2,1.21,2.70,3.91,23.09,0,0,0,0,0,0,0,False,,,,0.0,0.0,0.0,0.0,0,0,0,0,Man Utd (Home)
Saliba,DEF,Arsenal,6.0,18.8,0.0,a,0,0,0,0,0,2,0,1.28,2.42,3.70,30.32,0,0,0,0,0,0,0,False,,,,0.0,0.0,0.0,0.0,0,0,0,0,Man Utd (Home)
Calafiori,DEF,Arsenal,5.5,0.3,0.0,a,0,0,0,0,0,2,1,0.69,0.86,1.55,10.28,0,0,0,0,0,0,0,False,,,,0.0,0.0,0.0,0.0,0,0,0,0,Man Utd (Home)
J.Timber,DEF,Arsenal,5.5,2.5,0.0,a,0,0,0,0,0,1,3,1.30,1.23,2.53,21.09,0,0,0,0,0,0,0,False,,,,0.0,0.0,0.0,0.0,0,0,0,0,Man Utd (Home)
Kiwior,DEF,Arsenal,5.5,0.1,0.0,a,0,0,0,0,0,1,0,0.29,0.17,0.46,14.71,0,0,0,0,0,0,0,False,,,,0.0,0.0,0.0,0.0,0,0,0,0,Man Utd (Home)
Lewis-Skelly,DEF,Arsenal,5.5,5.8,0.0,a,0,0,0,0,0,1,0,0.51,0.16,0.67,16.65,0,0,0,0,0,0,0,False,,,,0.0,0.0,0.0,0.0,0,0,0,0,Man Utd (Home)
White,DEF,Arsenal,5.5,0.5,0.0,a,0,0,0,0,0,0,2,1.30,0.46,1.76,16.88,0,0,0,0,0,0,0,False,,,,0.0,0.0,0.0,0.0,0,0,0,0,Man Utd (Home)
Zinchenko,DEF,Arsenal,5.0,0.3,0.0,a,0,0,0,0,0,0,1,0.52,0.65,1.17,3.21,0,0,0,0,0,0,0,False,,,,0.0,0.0,0.0,0.0,0,0,0,0,Man Utd (Home)
Clarke,DEF,Arsenal,4.0,1.1,0.0,a,0,0,0,0,0,0,0,0.00,0.00,0.00,0.00,0,0,0,0,0,0,0,False,,,,0.0,0.0,0.0,0.0,0,0,0,0,Man Utd (Home)
Kacurri,DEF,Arsenal,4.0,0.7,0.0,a,0,0,0,0,0,0,0,0.00,0.00,0.00,0.00,0,0,0,0,0,0,0,False,,,,0.0,0.0,0.0,0.0,0,0,0,0,Man Utd (Home)
Nichols,DEF,Arsenal,4.0,0.7,0.0,a,0,0,0,0,0,0,0,0.00,0.00,0.00,0.00,0,0,0,0,0,0,0,False,,,,0.0,0.0,0.0,0.0,0,0,0,0,Man Utd (Home)
Saka,MID,Arsenal,10.0,16.9,0.0,a,0,0,0,0,0,6,11,7.78,6.87,14.65,17.72,0,0,0,0,0,0,0,False,,,,0.0,0.0,0.0,0.0,0,0,0,0,Man Utd (Home)
Ødegaard,MID,Arsenal,8.0,4.2,0.0,a,0,0,0,0,0,3,9,6.68,4.85,11.53,22.16,0,0,0,0,0,0,0,False,,,,0.0,0.0,0.0,0.0,0,0,0,0,Man Utd (Home)
Madueke,MID,Arsenal,7.0,6.0,0.0,a,0,0,0,0,0,7,5,2.86,9.62,12.48,29.55,0,0,0,0,0,0,0,False,,,,0.0,0.0,0.0,0.0,0,0,0,0,Man Utd (Home)
Martinelli,MID,Arsenal,7.0,5.2,0.0,a,0,0,0,0,0,8,4,4.46,7.13,11.59,26.22,0,0,0,0,0,0,0,False,,,,0.0,0.0,0.0,0.0,0,0,0,0,Man Utd (Home)
Trossard,MID,Arsenal,7.0,5.2,0.0,a,0,0,0,0,0,8,8,4.12,6.74,10.86,24.76,0,0,0,0,0,0,0,False,,,,0.0,0.0,0.0,0.0,0,0,0,0,Man Utd (Home)
Rice,MID,Arsenal,6.5,4.5,0.0,a,0,0,0,0,0,4,7,5.64,3.51,9.14,27.13,0,0,0,0,0,0,0,False,,,,0.0,0.0,0.0,0.0,0,0,0,0,Man Utd (Home)
Merino,MID,Arsenal,6.0,0.7,0.0,a,0,0,0,0,0,7,2,1.18,5.75,6.93,15.71,0,0,0,0,0,0,0,False,,,,0.0,0.0,0.0,0.0,0,0,0,0,Man Utd (Home)
Fábio Vieira,MID,Arsenal,5.5,0.1,0.0,a,0,0,0,0,0,0,0,0.00,0.00,0.00,0.00,0,0,0,0,0,0,0,False,,,,0.0,0.0,0.0,0.0,0,0,0,0,Man Utd (Home)
Nørgaard,MID,Arsenal,5.5,0.5,0.0,a,0,0,0,0,0,5,5,1.38,4.23,5.61,44.54,0,0,0,0,0,0,0,False,,,,0.0,0.0,0.0,0.0,0,0,0,0,Man Utd (Home)
Nwaneri,MID,Arsenal,5.5,0.6,0.0,a,0,0,0,0,0,4,2,1.78,1.19,2.97,5.38,0,0,0,0,0,0,0,False,,,,0.0,0.0,0.0,0.0,0,0,0,0,Man Utd (Home)
Zubimendi,MID,Arsenal,5.5,1.3,0.0,a,0,0,0,0,0,0,0,0.00,0.00,0.00,0.00,0,0,0,0,0,0,0,False,,,,0.0,0.0,0.0,0.0,0,0,0,0,Man Utd (Home)
Nelson,MID,Arsenal,5.0,0.3,0.0,a,0,0,0,0,0,1,1,0.96,1.07,2.03,6.13,0,0,0,0,0,0,0,False,,,,0.0,0.0,0.0,0.0,0,0,0,0,Man Utd (Home)
Kabia,MID,Arsenal,4.5,0.6,0.0,a,0,0,0,0,0,0,0,0.00,0.00,0.00,0.00,0,0,0,0,0,0,0,False,,,,0.0,0.0,0.0,0.0,0,0,0,0,Man Utd (Home)
Sambi,MID,Arsenal,4.5,0.2,0.0,a,0,0,0,0,0,0,0,0.00,0.00,0.00,0.00,0,0,0,0,0,0,0,False,,,,0.0,0.0,0.0,0.0,0,0,0,0,Man Utd (Home)
Havertz,FWD,Arsenal,7.5,3.2,0.0,a,0,0,0,0,0,9,3,1.65,9.53,11.18,19.32,0,0,0,0,0,0,0,False,,,,0.0,0.0,0.0,0.0,0,0,0,0,Man Utd (Home)
G.Jesus,FWD,Arsenal,6.5,0.0,0.0,i,0,0,0,0,0,3,2,0.52,3.05,3.57,5.82,0,0,0,0,0,0,0,False,,,,0.0,0.0,0.0,0.0,0,0,0,0,Man Utd (Home)
Martinez,GKP,Aston Villa,5.0,0.2,0.0,s,0,0,0,0,0,0,0,0.02,0.00,0.02,44.99,0,0,0,0,0,0,0,False,,,,0.0,0.0,0.0,0.0,0,0,0,0,Newcastle (Away)
M.Bizot,GKP,Aston Villa,4.5,0.5,0.0,a,0,0,0,0,0,0,0,0.00,0.00,0.00,0.00,0,0,0,0,0,0,0,False,,,,0.0,0.0,0.0,0.0,0,0,0,0,Newcastle (Away)
Gauci,GKP,Aston Villa,4.0,1.0,0.0,a,0,0,0,0,0,0,0,0.00,0.00,0.00,0.00,0,0,0,0,0,0,0,False,,,,0.0,0.0,0.0,0.0,0,0,0,0,Newcastle (Away)
Marschall,GKP,Aston Villa,4.0,0.5,0.0,a,0,0,0,0,0,0,0,0.00,0.00,0.00,0.00,0,0,0,0,0,0,0,False,,,,0.0,0.0,0.0,0.0,0,0,0,0,Newcastle (Away)
Cash,DEF,Aston Villa,4.5,1.5,0.0,a,0,0,0,0,0,1,1,1.23,0.48,1.71,28.64,0,0,0,0,0,0,0,False,,,,0.0,0.0,0.0,0.0,0,0,0,0,Newcastle (Away)
Digne,DEF,Aston Villa,4.5,1.4,0.0,a,0,0,0,0,0,0,5,3.97,0.80,4.77,34.94,0,0,0,0,0,0,0,False,,,,0.0,0.0,0.0,0.0,0,0,0,0,Newcastle (Away)
Konsa,DEF,Aston Villa,4.5,14.1,0.0,a,0,0,0,0,0,2,0,0.61,1.29,1.90,43.82,0,0,0,0,0,0,0,False,,,,0.0,0.0,0.0,0.0,0,0,0,0,Newcastle (Away)
Maatsen,DEF,Aston Villa,4.5,1.2,0.0,a,0,0,0,0,0,1,2,2.43,0.87,3.30,17.31,0,0,0,0,0,0,0,False,,,,0.0,0.0,0.0,0.0,0,0,0,0,Newcastle (Away)
Mings,DEF,Aston Villa,4.5,0.4,0.0,a,0,0,0,0,0,0,1,0.23,0.88,1.11,13.20,0,0,0,0,0,0,0,False,,,,0.0,0.0,0.0,0.0,0,0,0,0,Newcastle (Away)
Pau,DEF,Aston Villa,4.5,0.5,0.0,a,0,0,0,0,0,0,0,0.43,0.51,0.94,29.69,0,0,0,0,0,0,0,False,,,,0.0,0.0,0.0,0.0,0,0,0,0,Newcastle (Away)
A.García,DEF,Aston Villa,4.0,1.4,0.0,a,0,0,0,0,0,0,0,0.49,0.04,0.53,6.49,0,0,0,0,0,0,0,False,,,,0.0,0.0,0.0,0.0,0,0,0,0,Newcastle (Away)
Alex Moreno,DEF,Aston Villa,4.0,6.6,0.0,a,0,0,0,0,0,0,1,1.10,0.17,1.27,13.94,0,0,0,0,0,0,0,False,,,,0.0,0.0,0.0,0.0,0,0,0,0,Newcastle (Away)
Bogarde,DEF,Aston Villa,4.0,0.7,0.0,a,0,0,0,0,0,0,0,0.13,0.04,0.17,9.28,0,0,0,0,0,0,0,False,,,,0.0,0.0,0.0,0.0,0,0,0,0,Newcastle (Away)
Sousa,DEF,Aston Villa,4.0,0.7,0.0,a,0,0,0,0,0,0,0,0.00,0.00,0.00,0.00,0,0,0,0,0,0,0,False,,,,0.0,0.0,0.0,0.0,0,0,0,0,Newcastle (Away)
Yasin,DEF,Aston Villa,4.0,1.3,0.0,a,0,0,0,0,0,0,0,0.00,0.00,0.00,0.00,0,0,0,0,0,0,0,False,,,,0.0,0.0,0.0,0.0,0,0,0,0,Newcastle (Away)
Rogers,MID,Aston Villa,7.0,23.6,0.0,a,0,0,0,0,0,8,11,5.24,6.49,11.73,43.70,0,0,0,0,0,0,0,False,,,,0.0,0.0,0.0,0.0,0,0,0,0,Newcastle (Away)
Tielemans,MID,Aston Villa,6.0,1.1,0.0,a,0,0,0,0,0,3,7,5.83,3.31,9.14,43.87,0,0,0,0,0,0,0,False,,,,0.0,0.0,0.0,0.0,0,0,0,0,Newcastle (Away)
Bailey,MID,Aston Villa,5.5,0.4,0.0,a,0,0,0,0,0,1,2,2.92,1.73,4.65,13.91,0,0,0,0,0,0,0,False,,,,0.0,0.0,0.0,0.0,0,0,0,0,Newcastle (Away)
Buendía,MID,Aston Villa,5.5,0.1,0.0,a,0,0,0,0,0,0,0,0.03,0.65,0.68,2.27,0,0,0,0,0,0,0,False,,,,0.0,0.0,0.0,0.0,0,0,0,0,Newcastle (Away)
Iling Jr,MID,Aston Villa,5.5,0.1,0.0,a,0,0,0,0,0,0,0,0.00,0.00,0.00,0.00,0,0,0,0,0,0,0,False,,,,0.0,0.0,0.0,0.0,0,0,0,0,Newcastle (Away)
J.Ramsey,MID,Aston Villa,5.5,0.5,0.0,a,0,0,0,0,0,1,4,2.18,1.59,3.77,23.99,0,0,0,0,0,0,0,False,,,,0.0,0.0,0.0,0.0,0,0,0,0,Newcastle (Away)
Malen,MID,Aston Villa,5.5,0.5,0.0,a,0,0,0,0,0,3,0,0.15,2.15,2.30,4.77,0,0,0,0,0,0,0,False,,,,0.0,0.0,0.0,0.0,0,0,0,0,Newcastle (Away)
McGinn,MID,Aston Villa,5.5,0.4,0.0,a,0,0,0,0,0,1,4,2.70,3.10,5.80,35.03,0,0,0,0,0,0,0,False,,,,0.0,0.0,0.0,0.0,0,0,0,0,Newcastle (Away)
Barkley,MID,Aston Villa,5.0,0.4,0.0,a,0,0,0,0,0,3,1,0.43,1.79,2.22,6.32,0,0,0,0,0,0,0,False,,,,0.0,0.0,0.0,0.0,0,0,0,0,Newcastle (Away)
Barrenechea,MID,Aston Villa,5.0,0.2,0.0,a,0,0,0,0,0,0,0,0.00,0.00,0.00,0.00,0,0,0,0,0,0,0,False,,,,0.0,0.0,0.0,0.0,0,0,0,0,Newcastle (Away)
Dobbin,MID,Aston Villa,5.0,0.2,0.0,a,0,0,0,0,0,0,0,0.00,0.00,0.00,0.00,0,0,0,0,0,0,0,False,,,,0.0,0.0,0.0,0.0,0,0,0,0,Newcastle (Away)
Kamara,MID,Aston Villa,5.0,0.3,0.0,a,0,0,0,0,0,1,0,0.83,0.82,1.65,23.03,0,0,0,0,0,0,0,False,,,,0.0,0.0,0.0,0.0,0,0,0,0,Newcastle (Away)
Onana,MID,Aston Villa,5.0,1.3,0.0,a,0,0,0,0,0,3,0,0.84,2.12,2.96,23.66,0,0,0,0,0,0,0,False,,,,0.0,0.0,0.0,0.0,0,0,0,0,Newcastle (Away)
Broggio,MID,Aston Villa,4.5,0.4,0.0,a,0,0,0,0,0,0,0,0.00,0.00,0.00,0.00,0,0,0,0,0,0,0,False,,,,0.0,0.0,0.0,0.0,0,0,0,0,Newcastle (Away)
Dendoncker,MID,Aston Villa,4.5,0.6,0.0,a,0,0,0,0,0,0,0,0.00,0.00,0.00,0.00,0,0,0,0,0,0,0,False,,,,0.0,0.0,0.0,0.0,0,0,0,0,Newcastle (Away)
Jimoh-Aloba,MID,Aston Villa,4.5,0.1,0.0,a,0,0,0,0,0,0,0,0.00,0.00,0.00,0.00,0,0,0,0,0,0,0,False,,,,0.0,0.0,0.0,0.0,0,0,0,0,Newcastle (Away)
Young,MID,Aston Villa,4.5,0.5,0.0,a,0,0,0,0,0,0,0,0.00,0.00,0.00,0.00,0,0,0,0,0,0,0,False,,,,0.0,0.0,0.0,0.0,0,0,0,0,Newcastle (Away)
Watkins,FWD,Aston Villa,9.0,8.7,0.0,a,0,0,0,0,0,16,8,2.07,15.12,17.19,38.62,0,0,0,0,0,0,0,False,,,,0.0,0.0,0.0,0.0,0,0,0,0,Newcastle (Away)
Redmond,FWD,Aston Villa,4.5,1.4,0.0,a,0,0,0,0,0,0,0,0.00,0.00,0.00,0.00,0,0,0,0,0,0,0,False,,,,0.0,0.0,0.0,0.0,0,0,0,0,Newcastle (Away)
Trafford,GKP,Burnley,5.0,4.4,0.0,a,0,0,0,0,0,0,0,0.00,0.00,0.00,0.00,0,0,0,0,0,0,0,False,,,,0.0,0.0,0.0,0.0,0,0,0,0,Spurs (Home)
Weiss,GKP,Burnley,4.5,0.3,0.0,a,0,0,0,0,0,0,0,0.00,0.00,0.00,0.00,0,0,0,0,0,0,0,False,,,,0.0,0.0,0.0,0.0,0,0,0,0,Spurs (Home)
Green,GKP,Burnley,4.0,0.9,0.0,a,0,0,0,0,0,0,0,0.00,0.00,0.00,0.00,0,0,0,0,0,0,0,False,,,,0.0,0.0,0.0,0.0,0,0,0,0,Spurs (Home)
Hladký,GKP,Burnley,4.0,0.7,0.0,a,0,0,0,0,0,0,0,0.00,0.00,0.00,0.00,0,0,0,0,0,0,0,False,,,,0.0,0.0,0.0,0.0,0,0,0,0,Spurs (Home)
Roberts,DEF,Burnley,4.5,0.3,0.0,a,0,0,0,0,0,0,0,0.00,0.00,0.00,0.00,0,0,0,0,0,0,0,False,,,,0.0,0.0,0.0,0.0,0,0,0,0,Spurs (Home)
Walker,DEF,Burnley,4.5,2.5,0.0,a,0,0,0,0,0,0,0,1.34,0.12,1.46,19.26,0,0,0,0,0,0,0,False,,,,0.0,0.0,0.0,0.0,0,0,0,0,Spurs (Home)
Delcroix,DEF,Burnley,4.0,1.3,0.0,a,0,0,0,0,0,0,0,0.00,0.00,0.00,0.00,0,0,0,0,0,0,0,False,,,,0.0,0.0,0.0,0.0,0,0,0,0,Spurs (Home)
Dodgson,DEF,Burnley,4.0,0.7,0.0,a,0,0,0,0,0,0,0,0.00,0.00,0.00,0.00,0,0,0,0,0,0,0,False,,,,0.0,0.0,0.0,0.0,0,0,0,0,Spurs (Home)
Ekdal,DEF,Burnley,4.0,0.8,0.0,a,0,0,0,0,0,0,0,0.00,0.00,0.00,0.00,0,0,0,0,0,0,0,False,,,,0.0,0.0,0.0,0.0,0,0,0,0,Spurs (Home)
Estève,DEF,Burnley,4.0,3.0,0.0,a,0,0,0,0,0,0,0,0.00,0.00,0.00,0.00,0,0,0,0,0,0,0,False,,,,0.0,0.0,0.0,0.0,0,0,0,0,Spurs (Home)
Hartman,DEF,Burnley,4.0,0.9,0.0,a,0,0,0,0,0,0,0,0.00,0.00,0.00,0.00,0,0,0,0,0,0,0,False,,,,0.0,0.0,0.0,0.0,0,0,0,0,Spurs (Home)
Humphreys,DEF,Burnley,4.0,1.8,0.0,a,0,0,0,0,0,0,0,0.00,0.00,0.00,0.00,0,0,0,0,0,0,0,False,,,,0.0,0.0,0.0,0.0,0,0,0,0,Spurs (Home)
Jordan,DEF,Burnley,4.0,0.7,0.0,a,0,0,0,0,0,0,0,0.00,0.00,0.00,0.00,0,0,0,0,0,0,0,False,,,,0.0,0.0,0.0,0.0,0,0,0,0,Spurs (Home)
Lucas Pires,DEF,Burnley,4.0,0.7,0.0,a,0,0,0,0,0,0,0,0.00,0.00,0.00,0.00,0,0,0,0,0,0,0,False,,,,0.0,0.0,0.0,0.0,0,0,0,0,Spurs (Home)
Sambo,DEF,Burnley,4.0,0.7,0.0,a,0,0,0,0,0,0,0,0.00,0.00,0.00,0.00,0,0,0,0,0,0,0,False,,,,0.0,0.0,0.0,0.0,0,0,0,0,Spurs (Home)
Sonne,DEF,Burnley,4.0,0.7,0.0,a,0,0,0,0,0,0,0,0.00,0.00,0.00,0.00,0,0,0,0,0,0,0,False,,,,0.0,0.0,0.0,0.0,0,0,0,0,Spurs (Home)
Tuanzebe,DEF,Burnley,4.0,5.3,0.0,a,0,0,0,0,0,0,1,0.26,0.21,0.47,32.01,0,0,0,0,0,0,0,False,,,,0.0,0.0,0.0,0.0,0,0,0,0,Spurs (Home)
Worrall,DEF,Burnley,4.0,0.7,0.0,a,0,0,0,0,0,0,0,0.00,0.00,0.00,0.00,0,0,0,0,0,0,0,False,,,,0.0,0.0,0.0,0.0,0,0,0,0,Spurs (Home)
Anthony,MID,Burnley,5.5,0.2,0.0,a,0,0,0,0,0,0,0,0.00,0.00,0.00,0.00,0,0,0,0,0,0,0,False,,,,0.0,0.0,0.0,0.0,0,0,0,0,Spurs (Home)
Benson,MID,Burnley,5.5,0.1,0.0,a,0,0,0,0,0,0,0,0.00,0.00,0.00,0.00,0,0,0,0,0,0,0,False,,,,0.0,0.0,0.0,0.0,0,0,0,0,Spurs (Home)
Bruun Larsen,MID,Burnley,5.5,0.2,0.0,a,0,0,0,0,0,0,0,0.00,0.00,0.00,0.00,0,0,0,0,0,0,0,False,,,,0.0,0.0,0.0,0.0,0,0,0,0,Spurs (Home)
Boateng,MID,Burnley,5.0,0.2,0.0,a,0,0,0,0,0,0,0,0.00,0.00,0.00,0.00,0,0,0,0,0,0,0,False,,,,0.0,0.0,0.0,0.0,0,0,0,0,Spurs (Home)
Churlinov,MID,Burnley,5.0,0.2,0.0,a,0,0,0,0,0,0,0,0.00,0.00,0.00,0.00,0,0,0,0,0,0,0,False,,,,0.0,0.0,0.0,0.0,0,0,0,0,Spurs (Home)
Cullen,MID,Burnley,5.0,0.2,0.0,a,0,0,0,0,0,0,0,0.00,0.00,0.00,0.00,0,0,0,0,0,0,0,False,,,,0.0,0.0,0.0,0.0,0,0,0,0,Spurs (Home)
Edwards,MID,Burnley,5.0,0.4,0.0,a,0,0,0,0,0,0,0,0.00,0.00,0.00,0.00,0,0,0,0,0,0,0,False,,,,0.0,0.0,0.0,0.0,0,0,0,0,Spurs (Home)
Hannibal,MID,Burnley,5.0,0.4,0.0,a,0,0,0,0,0,0,0,0.00,0.00,0.00,0.00,0,0,0,0,0,0,0,False,,,,0.0,0.0,0.0,0.0,0,0,0,0,Spurs (Home)
Koleosho,MID,Burnley,5.0,0.2,0.0,a,0,0,0,0,0,0,0,0.00,0.00,0.00,0.00,0,0,0,0,0,0,0,False,,,,0.0,0.0,0.0,0.0,0,0,0,0,Spurs (Home)
Laurent,MID,Burnley,5.0,0.2,0.0,a,0,0,0,0,0,0,0,0.00,0.00,0.00,0.00,0,0,0,0,0,0,0,False,,,,0.0,0.0,0.0,0.0,0,0,0,0,Spurs (Home)
Tchaouna,MID,Burnley,5.0,0.2,0.0,a,0,0,0,0,0,0,0,0.00,0.00,0.00,0.00,0,0,0,0,0,0,0,False,,,,0.0,0.0,0.0,0.0,0,0,0,0,Spurs (Home)
A.Ramsey,MID,Burnley,4.5,3.1,0.0,a,0,0,0,0,0,0,0,0.00,0.00,0.00,0.00,0,0,0,0,0,0,0,False,,,,0.0,0.0,0.0,0.0,0,0,0,0,Spurs (Home)
Adewumi,MID,Burnley,4.5,0.1,0.0,a,0,0,0,0,0,0,0,0.00,0.00,0.00,0.00,0,0,0,0,0,0,0,False,,,,0.0,0.0,0.0,0.0,0,0,0,0,Spurs (Home)
Banel,MID,Burnley,4.5,0.1,0.0,a,0,0,0,0,0,0,0,0.00,0.00,0.00,0.00,0,0,0,0,0,0,0,False,,,,0.0,0.0,0.0,0.0,0,0,0,0,Spurs (Home)
Trésor,MID,Burnley,4.5,0.3,0.0,a,0,0,0,0,0,0,0,0.00,0.00,0.00,0.00,0,0,0,0,0,0,0,False,,,,0.0,0.0,0.0,0.0,0,0,0,0,Spurs (Home)
Flemming,FWD,Burnley,5.5,0.2,0.0,a,0,0,0,0,0,0,0,0.00,0.00,0.00,0.00,0,0,0,0,0,0,0,False,,,,0.0,0.0,0.0,0.0,0,0,0,0,Spurs (Home)
Amdouni,FWD,Burnley,5.0,1.0,0.0,a,0,0,0,0,0,0,0,0.00,0.00,0.00,0.00,0,0,0,0,0,0,0,False,,,,0.0,0.0,0.0,0.0,0,0,0,0,Spurs (Home)
Foster,FWD,Burnley,5.0,0.7,0.0,a,0,0,0,0,0,0,0,0.00,0.00,0.00,0.00,0,0,0,0,0,0,0,False,,,,0.0,0.0,0.0,0.0,0,0,0,0,Spurs (Home)
Barnes,FWD,Burnley,4.5,2.8,0.0,a,0,0,0,0,0,0,0,0.00,0.00,0.00,0.00,0,0,0,0,0,0,0,False,,,,0.0,0.0,0.0,0.0,0,0,0,0,Spurs (Home)
Obafemi,FWD,Burnley,4.5,2.0,0.0,a,0,0,0,0,0,0,0,0.00,0.00,0.00,0.00,0,0,0,0,0,0,0,False,,,,0.0,0.0,0.0,0.0,0,0,0,0,Spurs (Home)
Neto,GKP,Bournemouth,4.5,1.4,0.0,a,0,0,0,0,0,0,0,0.00,0.00,0.00,2.91,0,0,0,0,0,0,0,False,,,,0.0,0.0,0.0,0.0,0,0,0,0,Liverpool (Home)
Petrović,GKP,Bournemouth,4.5,6.1,0.0,a,0,0,0,0,0,0,0,0.00,0.00,0.00,0.00,0,0,0,0,0,0,0,False,,,,0.0,0.0,0.0,0.0,0,0,0,0,Liverpool (Home)
Dennis,GKP,Bournemouth,4.0,0.9,0.0,a,0,0,0,0,0,0,0,0.00,0.00,0.00,0.00,0,0,0,0,0,0,0,False,,,,0.0,0.0,0.0,0.0,0,0,0,0,Liverpool (Home)
McKenna,GKP,Bournemouth,4.0,0.4,0.0,a,0,0,0,0,0,0,0,0.00,0.00,0.00,0.00,0,0,0,0,0,0,0,False,,,,0.0,0.0,0.0,0.0,0,0,0,0,Liverpool (Home)
Paulsen,GKP,Bournemouth,4.0,0.4,0.0,a,0,0,0,0,0,0,0,0.00,0.00,0.00,0.00,0,0,0,0,0,0,0,False,,,,0.0,0.0,0.0,0.0,0,0,0,0,Liverpool (Home)
Zabarnyi,DEF,Bournemouth,5.0,0.7,0.0,a,0,0,0,0,0,0,1,0.76,1.20,1.96,42.54,0,0,0,0,0,0,0,False,,,,0.0,0.0,0.0,0.0,0,0,0,0,Liverpool (Home)
Senesi,DEF,Bournemouth,4.5,1.0,0.0,a,0,0,0,0,0,0,0,0.48,0.84,1.32,14.76,0,0,0,0,0,0,0,False,,,,0.0,0.0,0.0,0.0,0,0,0,0,Liverpool (Home)
Smith,DEF,Bournemouth,4.5,0.3,0.0,a,0,0,0,0,0,0,0,0.68,0.65,1.33,19.04,0,0,0,0,0,0,0,False,,,,0.0,0.0,0.0,0.0,0,0,0,0,Liverpool (Home)
Truffert,DEF,Bournemouth,4.5,0.8,0.0,a,0,0,0,0,0,0,0,0.00,0.00,0.00,0.00,0,0,0,0,0,0,0,False,,,,0.0,0.0,0.0,0.0,0,0,0,0,Liverpool (Home)
Akinmboni,DEF,Bournemouth,4.0,0.8,0.0,a,0,0,0,0,0,0,0,0.00,0.00,0.00,0.00,0,0,0,0,0,0,0,False,,,,0.0,0.0,0.0,0.0,0,0,0,0,Liverpool (Home)
Bevan,DEF,Bournemouth,4.0,2.8,0.0,a,0,0,0,0,0,0,0,0.00,0.00,0.00,0.00,0,0,0,0,0,0,0,False,,,,0.0,0.0,0.0,0.0,0,0,0,0,Liverpool (Home)
Hill,DEF,Bournemouth,4.0,1.1,0.0,a,0,0,0,0,0,0,1,0.25,0.29,0.54,8.54,0,0,0,0,0,0,0,False,,,,0.0,0.0,0.0,0.0,0,0,0,0,Liverpool (Home)
J.Araujo,DEF,Bournemouth,4.0,1.4,0.0,a,0,0,0,0,0,0,0,0.10,0.00,0.10,9.69,0,0,0,0,0,0,0,False,,,,0.0,0.0,0.0,0.0,0,0,0,0,Liverpool (Home)
Mepham,DEF,Bournemouth,4.0,0.7,0.0,a,0,0,0,0,0,0,0,0.00,0.00,0.00,0.00,0,0,0,0,0,0,0,False,,,,0.0,0.0,0.0,0.0,0,0,0,0,Liverpool (Home)
Soler,DEF,Bournemouth,4.0,0.9,0.0,a,0,0,0,0,0,0,0,0.00,0.00,0.00,0.08,0,0,0,0,0,0,0,False,,,,0.0,0.0,0.0,0.0,0,0,0,0,Liverpool (Home)
Kluivert,MID,Bournemouth,7.0,11.3,0.0,a,0,0,0,0,0,12,6,3.66,10.05,13.71,32.60,0,0,0,0,0,0,0,False,,,,0.0,0.0,0.0,0.0,0,0,0,0,Liverpool (Home)
Semenyo,MID,Bournemouth,7.0,11.1,0.0,a,0,0,0,0,0,11,7,4.43,9.51,13.94,44.18,0,0,0,0,0,0,0,False,,,,0.0,0.0,0.0,0.0,0,0,0,0,Liverpool (Home)
O.Dango,MID,Bournemouth,6.0,0.4,0.0,a,0,0,0,0,0,7,4,3.24,8.42,11.66,31.96,0,0,0,0,0,0,0,False,,,,0.0,0.0,0.0,0.0,0,0,0,0,Liverpool (Home)
Tavernier,MID,Bournemouth,5.5,0.5,0.0,a,0,0,0,0,0,3,7,3.65,5.51,9.16,25.42,0,0,0,0,0,0,0,False,,,,0.0,0.0,0.0,0.0,0,0,0,0,Liverpool (Home)
Adams,MID,Bournemouth,5.0,0.3,0.0,a,0,0,0,0,0,0,3,0.76,1.33,2.09,29.26,0,0,0,0,0,0,0,False,,,,0.0,0.0,0.0,0.0,0,0,0,0,Liverpool (Home)
Brooks,MID,Bournemouth,5.0,0.3,0.0,a,0,0,0,0,0,2,1,2.02,2.58,4.60,15.03,0,0,0,0,0,0,0,False,,,,0.0,0.0,0.0,0.0,0,0,0,0,Liverpool (Home)
Christie,MID,Bournemouth,5.0,0.4,0.0,a,0,0,0,0,0,2,3,2.90,2.14,5.04,30.17,0,0,0,0,0,0,0,False,,,,0.0,0.0,0.0,0.0,0,0,0,0,Liverpool (Home)
Cook,MID,Bournemouth,5.0,0.0,0.0,s,0,0,0,0,0,1,4,3.76,0.94,4.70,45.25,0,0,0,0,0,0,0,False,,,,0.0,0.0,0.0,0.0,0,0,0,0,Liverpool (Home)
Philip,MID,Bournemouth,5.0,0.4,0.0,a,0,0,0,0,0,0,0,0.97,0.55,1.52,3.35,0,0,0,0,0,0,0,False,,,,0.0,0.0,0.0,0.0,0,0,0,0,Liverpool (Home)
Scott,MID,Bournemouth,5.0,0.3,0.0,a,0,0,0,0,0,0,0,1.00,0.73,1.73,10.14,0,0,0,0,0,0,0,False,,,,0.0,0.0,0.0,0.0,0,0,0,0,Liverpool (Home)
Sinisterra,MID,Bournemouth,5.0,0.6,0.0,a,0,0,0,0,0,1,1,1.29,1.18,2.47,4.08,0,0,0,0,0,0,0,False,,,,0.0,0.0,0.0,0.0,0,0,0,0,Liverpool (Home)
Faivre,MID,Bournemouth,4.5,0.9,0.0,a,0,0,0,0,0,0,0,0.00,0.00,0.00,0.00,0,0,0,0,0,0,0,False,,,,0.0,0.0,0.0,0.0,0,0,0,0,Liverpool (Home)
H.Traorè,MID,Bournemouth,4.5,0.4,0.0,a,0,0,0,0,0,0,0,0.00,0.00,0.00,0.00,0,0,0,0,0,0,0,False,,,,0.0,0.0,0.0,0.0,0,0,0,0,Liverpool (Home)
Sadi,MID,Bournemouth,4.5,0.1,0.0,a,0,0,0,0,0,0,0,0.00,0.00,0.00,0.00,0,0,0,0,0,0,0,False,,,,0.0,0.0,0.0,0.0,0,0,0,0,Liverpool (Home)
Silcott-Duberry,MID,Bournemouth,4.5,0.1,0.0,a,0,0,0,0,0,0,0,0.00,0.00,0.00,0.04,0,0,0,0,0,0,0,False,,,,0.0,0.0,0.0,0.0,0,0,0,0,Liverpool (Home)
Winterburn,MID,Bournemouth,4.5,0.1,0.0,a,0,0,0,0,0,0,0,0.00,0.00,0.00,0.16,0,0,0,0,0,0,0,False,,,,0.0,0.0,0.0,0.0,0,0,0,0,Liverpool (Home)
Evanilson,FWD,Bournemouth,7.0,4.3,0.0,a,0,0,0,0,0,10,5,1.74,12.47,14.21,26.78,0,0,0,0,0,0,0,False,,,,0.0,0.0,0.0,0.0,0,0,0,0,Liverpool (Home)
Enes Ünal,FWD,Bournemouth,5.5,0.0,0.0,i,0,0,0,0,0,2,1,0.26,2.73,2.99,6.38,0,0,0,0,0,0,0,False,,,,0.0,0.0,0.0,0.0,0,0,0,0,Liverpool (Home)
Adu-Adjei,FWD,Bournemouth,4.5,0.9,0.0,a,0,0,0,0,0,0,0,0.00,0.00,0.00,0.00,0,0,0,0,0,0,0,False,,,,0.0,0.0,0.0,0.0,0,0,0,0,Liverpool (Home)
Kroupi.Jr,FWD,Bournemouth,4.5,1.9,0.0,a,0,0,0,0,0,0,0,0.00,0.00,0.00,0.00,0,0,0,0,0,0,0,False,,,,0.0,0.0,0.0,0.0,0,0,0,0,Liverpool (Home)
Kelleher,GKP,Brentford,4.5,20.6,0.0,a,0,0,0,0,0,0,0,0.00,0.00,0.00,11.09,0,0,0,0,0,0,0,False,,,,0.0,0.0,0.0,0.0,0,0,0,0,Nott'm Forest (Home)
Balcombe,GKP,Brentford,4.0,0.6,0.0,a,0,0,0,0,0,0,0,0.00,0.00,0.00,0.00,0,0,0,0,0,0,0,False,,,,0.0,0.0,0.0,0.0,0,0,0,0,Nott'm Forest (Home)
Cox,GKP,Brentford,4.0,0.6,0.0,a,0,0,0,0,0,0,0,0.00,0.00,0.00,0.00,0,0,0,0,0,0,0,False,,,,0.0,0.0,0.0,0.0,0,0,0,0,Nott'm Forest (Home)
Eyestone,GKP,Brentford,4.0,0.3,0.0,a,0,0,0,0,0,0,0,0.00,0.00,0.00,0.00,0,0,0,0,0,0,0,False,,,,0.0,0.0,0.0,0.0,0,0,0,0,Nott'm Forest (Home)
Valdimarsson,GKP,Brentford,4.0,3.1,0.0,a,0,0,0,0,0,0,0,0.00,0.00,0.00,1.49,0,0,0,0,0,0,0,False,,,,0.0,0.0,0.0,0.0,0,0,0,0,Nott'm Forest (Home)
Collins,DEF,Brentford,5.0,1.3,0.0,a,0,0,0,0,0,2,7,1.57,2.44,4.01,56.31,0,0,0,0,0,0,0,False,,,,0.0,0.0,0.0,0.0,0,0,0,0,Nott'm Forest (Home)
Lewis-Potter,DEF,Brentford,5.0,0.6,0.0,a,0,0,0,0,0,1,5,4.94,2.96,7.90,50.62,0,0,0,0,0,0,0,False,,,,0.0,0.0,0.0,0.0,0,0,0,0,Nott'm Forest (Home)
Ajer,DEF,Brentford,4.5,0.3,0.0,a,0,0,0,0,0,0,0,0.48,0.97,1.45,21.70,0,0,0,0,0,0,0,False,,,,0.0,0.0,0.0,0.0,0,0,0,0,Nott'm Forest (Home)
Henry,DEF,Brentford,4.5,0.4,0.0,a,0,0,0,0,0,0,0,0.01,0.00,0.01,2.16,0,0,0,0,0,0,0,False,,,,0.0,0.0,0.0,0.0,0,0,0,0,Nott'm Forest (Home)
Kayode,DEF,Brentford,4.5,0.7,0.0,a,0,0,0,0,0,0,1,0.70,0.19,0.89,6.66,0,0,0,0,0,0,0,False,,,,0.0,0.0,0.0,0.0,0,0,0,0,Nott'm Forest (Home)
Pinnock,DEF,Brentford,4.5,0.5,0.0,a,0,0,0,0,0,2,0,0.64,1.08,1.72,34.33,0,0,0,0,0,0,0,False,,,,0.0,0.0,0.0,0.0,0,0,0,0,Nott'm Forest (Home)
Roerslev,DEF,Brentford,4.5,0.2,0.0,a,0,0,0,0,0,0,2,2.09,0.20,2.29,21.52,0,0,0,0,0,0,0,False,,,,0.0,0.0,0.0,0.0,0,0,0,0,Nott'm Forest (Home)
Van den Berg,DEF,Brentford,4.5,0.6,0.0,a,0,0,0,0,0,0,1,0.52,2.09,2.61,44.61,0,0,0,0,0,0,0,False,,,,0.0,0.0,0.0,0.0,0,0,0,0,Nott'm Forest (Home)
Arthur,DEF,Brentford,4.0,0.8,0.0,a,0,0,0,0,0,0,0,0.00,0.00,0.00,0.00,0,0,0,0,0,0,0,False,,,,0.0,0.0,0.0,0.0,0,0,0,0,Nott'm Forest (Home)
Fredrick,DEF,Brentford,4.0,0.7,0.0,a,0,0,0,0,0,0,0,0.00,0.00,0.00,0.00,0,0,0,0,0,0,0,False,,,,0.0,0.0,0.0,0.0,0,0,0,0,Nott'm Forest (Home)
Hickey,DEF,Brentford,4.0,1.5,0.0,a,0,0,0,0,0,0,0,0.00,0.00,0.00,0.00,0,0,0,0,0,0,0,False,,,,0.0,0.0,0.0,0.0,0,0,0,0,Nott'm Forest (Home)
Ji-soo,DEF,Brentford,4.0,0.7,0.0,a,0,0,0,0,0,0,0,0.00,0.00,0.00,0.32,0,0,0,0,0,0,0,False,,,,0.0,0.0,0.0,0.0,0,0,0,0,Nott'm Forest (Home)
Meghoma,DEF,Brentford,4.0,0.7,0.0,a,0,0,0,0,0,0,0,0.00,0.00,0.00,0.14,0,0,0,0,0,0,0,False,,,,0.0,0.0,0.0,0.0,0,0,0,0,Nott'm Forest (Home)
Mbeumo,MID,Brentford,8.0,16.1,0.0,a,0,0,0,0,0,20,9,9.24,12.52,21.75,55.40,0,0,0,0,0,0,0,False,,,,0.0,0.0,0.0,0.0,0,0,0,0,Nott'm Forest (Home)
Schade,MID,Brentford,7.0,8.7,0.0,a,0,0,0,0,0,11,4,1.75,8.45,10.20,30.66,0,0,0,0,0,0,0,False,,,,0.0,0.0,0.0,0.0,0,0,0,0,Nott'm Forest (Home)
Damsgaard,MID,Brentford,6.0,1.3,0.0,a,0,0,0,0,0,2,10,7.01,2.91,9.92,45.60,0,0,0,0,0,0,0,False,,,,0.0,0.0,0.0,0.0,0,0,0,0,Nott'm Forest (Home)
Milambo,MID,Brentford,5.5,0.2,0.0,a,0,0,0,0,0,0,0,0.00,0.00,0.00,0.00,0,0,0,0,0,0,0,False,,,,0.0,0.0,0.0,0.0,0,0,0,0,Nott'm Forest (Home)
Carvalho,MID,Brentford,5.0,0.6,0.0,a,0,0,0,0,0,2,1,0.54,2.49,3.03,11.46,0,0,0,0,0,0,0,False,,,,0.0,0.0,0.0,0.0,0,0,0,0,Nott'm Forest (Home)
Henderson,MID,Brentford,5.0,0.6,0.0,a,0,0,0,0,0,0,0,0.00,0.00,0.00,0.00,0,0,0,0,0,0,0,False,,,,0.0,0.0,0.0,0.0,0,0,0,0,Nott'm Forest (Home)
Janelt,MID,Brentford,5.0,0.3,0.0,a,0,0,0,0,0,1,3,2.38,0.83,3.21,37.37,0,0,0,0,0,0,0,False,,,,0.0,0.0,0.0,0.0,0,0,0,0,Nott'm Forest (Home)
Jensen,MID,Brentford,5.0,0.3,0.0,a,0,0,0,0,0,0,2,1.75,0.23,1.98,16.41,0,0,0,0,0,0,0,False,,,,0.0,0.0,0.0,0.0,0,0,0,0,Nott'm Forest (Home)
Nunes,MID,Brentford,5.0,0.2,0.0,a,0,0,0,0,0,0,0,0.00,0.00,0.00,0.35,0,0,0,0,0,0,0,False,,,,0.0,0.0,0.0,0.0,0,0,0,0,Nott'm Forest (Home)
Onyeka,MID,Brentford,5.0,0.2,0.0,a,0,0,0,0,0,0,0,0.02,0.00,0.02,0.69,0,0,0,0,0,0,0,False,,,,0.0,0.0,0.0,0.0,0,0,0,0,Nott'm Forest (Home)
Yarmoliuk,MID,Brentford,5.0,0.2,0.0,a,0,0,0,0,0,0,0,0.91,0.62,1.53,26.43,0,0,0,0,0,0,0,False,,,,0.0,0.0,0.0,0.0,0,0,0,0,Nott'm Forest (Home)
Donovan,MID,Brentford,4.5,0.2,0.0,a,0,0,0,0,0,0,0,0.00,0.00,0.00,0.00,0,0,0,0,0,0,0,False,,,,0.0,0.0,0.0,0.0,0,0,0,0,Nott'm Forest (Home)
Konak,MID,Brentford,4.5,0.2,0.0,a,0,0,0,0,0,0,0,0.00,0.15,0.15,1.79,0,0,0,0,0,0,0,False,,,,0.0,0.0,0.0,0.0,0,0,0,0,Nott'm Forest (Home)
Maghoma,MID,Brentford,4.5,0.1,0.0,a,0,0,0,0,0,0,0,0.04,0.12,0.16,1.89,0,0,0,0,0,0,0,False,,,,0.0,0.0,0.0,0.0,0,0,0,0,Nott'm Forest (Home)
Peart-Harris,MID,Brentford,4.5,0.1,0.0,a,0,0,0,0,0,0,0,0.00,0.00,0.00,0.00,0,0,0,0,0,0,0,False,,,,0.0,0.0,0.0,0.0,0,0,0,0,Nott'm Forest (Home)
Trevitt,MID,Brentford,4.5,0.1,0.0,a,0,0,0,0,0,0,0,0.00,0.00,0.00,0.00,0,0,0,0,0,0,0,False,,,,0.0,0.0,0.0,0.0,0,0,0,0,Nott'm Forest (Home)
Wissa,FWD,Brentford,7.5,13.9,0.0,a,0,0,0,0,0,18,6,2.20,18.58,20.77,45.12,0,0,0,0,0,0,0,False,,,,0.0,0.0,0.0,0.0,0,0,0,0,Nott'm Forest (Home)
Thiago,FWD,Brentford,6.0,1.5,0.0,a,0,0,0,0,0,0,0,0.04,0.13,0.17,3.54,0,0,0,0,0,0,0,False,,,,0.0,0.0,0.0,0.0,0,0,0,0,Nott'm Forest (Home)
Morgan,FWD,Brentford,4.5,0.9,0.0,a,0,0,0,0,0,0,0,0.00,0.00,0.00,0.00,0,0,0,0,0,0,0,False,,,,0.0,0.0,0.0,0.0,0,0,0,0,Nott'm Forest (Home)
Steele,GKP,Brighton,4.5,0.6,0.0,a,0,0,0,0,0,0,0,0.00,0.00,0.00,1.88,0,0,0,0,0,0,0,False,,,,0.0,0.0,0.0,0.0,0,0,0,0,Fulham (Away)
Verbruggen,GKP,Brighton,4.5,5.6,0.0,a,0,0,0,0,0,0,1,0.01,0.00,0.01,53.10,0,0,0,0,0,0,0,False,,,,0.0,0.0,0.0,0.0,0,0,0,0,Fulham (Away)
McGill,GKP,Brighton,4.0,0.4,0.0,a,0,0,0,0,0,0,0,0.00,0.00,0.00,0.00,0,0,0,0,0,0,0,False,,,,0.0,0.0,0.0,0.0,0,0,0,0,Fulham (Away)
Rushworth,GKP,Brighton,4.0,0.3,0.0,a,0,0,0,0,0,0,0,0.00,0.00,0.00,0.00,0,0,0,0,0,0,0,False,,,,0.0,0.0,0.0,0.0,0,0,0,0,Fulham (Away)
Scherpen,GKP,Brighton,4.0,0.4,0.0,a,0,0,0,0,0,0,0,0.00,0.00,0.00,0.00,0,0,0,0,0,0,0,False,,,,0.0,0.0,0.0,0.0,0,0,0,0,Fulham (Away)
Boscagli,DEF,Brighton,4.5,0.3,0.0,a,0,0,0,0,0,0,0,0.00,0.00,0.00,0.00,0,0,0,0,0,0,0,False,,,,0.0,0.0,0.0,0.0,0,0,0,0,Fulham (Away)
Coppola,DEF,Brighton,4.5,0.3,0.0,a,0,0,0,0,0,0,0,0.00,0.00,0.00,0.00,0,0,0,0,0,0,0,False,,,,0.0,0.0,0.0,0.0,0,0,0,0,Fulham (Away)
De Cuyper,DEF,Brighton,4.5,2.3,0.0,a,0,0,0,0,0,0,0,0.00,0.00,0.00,0.00,0,0,0,0,0,0,0,False,,,,0.0,0.0,0.0,0.0,0,0,0,0,Fulham (Away)
Dunk,DEF,Brighton,4.5,0.9,0.0,a,0,0,0,0,0,0,1,1.02,0.81,1.83,35.69,0,0,0,0,0,0,0,False,,,,0.0,0.0,0.0,0.0,0,0,0,0,Fulham (Away)
Estupiñan,DEF,Brighton,4.5,3.6,0.0,a,0,0,0,0,0,1,1,2.43,1.09,3.52,39.85,0,0,0,0,0,0,0,False,,,,0.0,0.0,0.0,0.0,0,0,0,0,Fulham (Away)
F.Kadıoğlu,DEF,Brighton,4.5,0.6,0.0,a,0,0,0,0,0,1,0,0.31,0.44,0.75,9.44,0,0,0,0,0,0,0,False,,,,0.0,0.0,0.0,0.0,0,0,0,0,Fulham (Away)
Igor,DEF,Brighton,4.5,0.2,0.0,a,0,0,0,0,0,0,0,0.25,0.05,0.30,17.21,0,0,0,0,0,0,0,False,,,,0.0,0.0,0.0,0.0,0,0,0,0,Fulham (Away)
Lamptey,DEF,Brighton,4.5,0.3,0.0,a,0,0,0,0,0,2,2,0.80,0.38,1.18,15.36,0,0,0,0,0,0,0,False,,,,0.0,0.0,0.0,0.0,0,0,0,0,Fulham (Away)
Van Hecke,DEF,Brighton,4.5,1.4,0.0,a,0,0,0,0,0,1,1,1.41,1.32,2.73,44.67,0,0,0,0,0,0,0,False,,,,0.0,0.0,0.0,0.0,0,0,0,0,Fulham (Away)
Veltman,DEF,Brighton,4.5,0.3,0.0,a,0,0,0,0,0,0,0,1.31,0.47,1.78,24.83,0,0,0,0,0,0,0,False,,,,0.0,0.0,0.0,0.0,0,0,0,0,Fulham (Away)
Webster,DEF,Brighton,4.5,0.2,0.0,a,0,0,0,0,0,0,1,0.28,0.25,0.53,14.26,0,0,0,0,0,0,0,False,,,,0.0,0.0,0.0,0.0,0,0,0,0,Fulham (Away)
Cashin,DEF,Brighton,4.0,0.8,0.0,a,0,0,0,0,0,0,0,0.00,0.00,0.00,0.44,0,0,0,0,0,0,0,False,,,,0.0,0.0,0.0,0.0,0,0,0,0,Fulham (Away)
Slater,DEF,Brighton,4.0,0.6,0.0,a,0,0,0,0,0,0,0,0.00,0.00,0.00,0.00,0,0,0,0,0,0,0,False,,,,0.0,0.0,0.0,0.0,0,0,0,0,Fulham (Away)
Tasker,DEF,Brighton,4.0,0.6,0.0,a,0,0,0,0,0,0,0,0.00,0.00,0.00,0.00,0,0,0,0,0,0,0,False,,,,0.0,0.0,0.0,0.0,0,0,0,0,Fulham (Away)
Mitoma,MID,Brighton,6.5,3.8,0.0,a,0,0,0,0,0,10,5,4.03,9.19,13.22,37.05,0,0,0,0,0,0,0,False,,,,0.0,0.0,0.0,0.0,0,0,0,0,Fulham (Away)
Georginio,MID,Brighton,6.0,0.9,0.0,a,0,0,0,0,0,5,6,1.67,4.57,6.24,27.90,0,0,0,0,0,0,0,False,,,,0.0,0.0,0.0,0.0,0,0,0,0,Fulham (Away)
March,MID,Brighton,6.0,0.2,0.0,a,0,0,0,0,0,0,0,0.32,0.09,0.41,2.82,0,0,0,0,0,0,0,False,,,,0.0,0.0,0.0,0.0,0,0,0,0,Fulham (Away)
Minteh,MID,Brighton,6.0,1.0,0.0,a,0,0,0,0,0,6,5,4.99,4.13,9.12,28.41,0,0,0,0,0,0,0,False,,,,0.0,0.0,0.0,0.0,0,0,0,0,Fulham (Away)
Enciso,MID,Brighton,5.5,0.3,0.0,a,0,0,0,0,0,2,3,1.32,2.82,4.14,22.10,0,0,0,0,0,0,0,False,,,,0.0,0.0,0.0,0.0,0,0,0,0,Fulham (Away)
Gruda,MID,Brighton,5.5,0.2,0.0,a,0,0,0,0,0,1,4,1.93,1.15,3.08,12.66,0,0,0,0,0,0,0,False,,,,0.0,0.0,0.0,0.0,0,0,0,0,Fulham (Away)
Hinshelwood,MID,Brighton,5.5,0.3,0.0,a,0,0,0,0,0,5,3,1.50,2.74,4.24,30.09,0,0,0,0,0,0,0,False,,,,0.0,0.0,0.0,0.0,0,0,0,0,Fulham (Away)
O'Riley,MID,Brighton,5.5,0.2,0.0,a,0,0,0,0,0,2,3,2.04,2.76,4.80,14.27,0,0,0,0,0,0,0,False,,,,0.0,0.0,0.0,0.0,0,0,0,0,Fulham (Away)
Sima,MID,Brighton,5.5,0.1,0.0,a,0,0,0,0,0,0,0,0.00,0.00,0.00,0.00,0,0,0,0,0,0,0,False,,,,0.0,0.0,0.0,0.0,0,0,0,0,Fulham (Away)
Ayari,MID,Brighton,5.0,0.3,0.0,a,0,0,0,0,0,2,1,2.62,2.51,5.13,30.15,0,0,0,0,0,0,0,False,,,,0.0,0.0,0.0,0.0,0,0,0,0,Fulham (Away)
Baleba,MID,Brighton,5.0,2.6,0.0,a,0,0,0,0,0,3,1,1.21,3.10,4.31,39.54,0,0,0,0,0,0,0,False,,,,0.0,0.0,0.0,0.0,0,0,0,0,Fulham (Away)
Buonanotte,MID,Brighton,5.0,0.6,0.0,a,0,0,0,0,0,5,2,2.29,4.01,6.30,29.23,0,0,0,0,0,0,0,False,,,,0.0,0.0,0.0,0.0,0,0,0,0,Fulham (Away)
Gomez,MID,Brighton,5.0,0.2,0.0,a,0,0,0,0,0,1,1,1.16,0.82,1.98,9.28,0,0,0,0,0,0,0,False,,,,0.0,0.0,0.0,0.0,0,0,0,0,Fulham (Away)
Milner,MID,Brighton,5.0,0.2,0.0,a,0,0,0,0,0,0,0,0.15,0.16,0.31,1.98,0,0,0,0,0,0,0,False,,,,0.0,0.0,0.0,0.0,0,0,0,0,Fulham (Away)
Sarmiento,MID,Brighton,5.0,0.2,0.0,a,0,0,0,0,0,0,0,0.00,0.00,0.00,0.00,0,0,0,0,0,0,0,False,,,,0.0,0.0,0.0,0.0,0,0,0,0,Fulham (Away)
Watson,MID,Brighton,5.0,0.2,0.0,a,0,0,0,0,0,0,0,0.00,0.00,0.00,0.00,0,0,0,0,0,0,0,False,,,,0.0,0.0,0.0,0.0,0,0,0,0,Fulham (Away)
Wieffer,MID,Brighton,5.0,0.2,0.0,a,0,0,0,0,0,1,5,1.00,0.80,1.80,18.89,0,0,0,0,0,0,0,False,,,,0.0,0.0,0.0,0.0,0,0,0,0,Fulham (Away)
Yalcouye,MID,Brighton,5.0,0.2,0.0,a,0,0,0,0,0,0,0,0.00,0.00,0.00,0.00,0,0,0,0,0,0,0,False,,,,0.0,0.0,0.0,0.0,0,0,0,0,Fulham (Away)
Knight,MID,Brighton,4.5,0.3,0.0,a,0,0,0,0,0,0,0,0.00,0.00,0.00,0.00,0,0,0,0,0,0,0,False,,,,0.0,0.0,0.0,0.0,0,0,0,0,Fulham (Away)
Mazilu,MID,Brighton,4.5,0.1,0.0,a,0,0,0,0,0,0,0,0.00,0.00,0.00,0.00,0,0,0,0,0,0,0,False,,,,0.0,0.0,0.0,0.0,0,0,0,0,Fulham (Away)
Moran,MID,Brighton,4.5,0.1,0.0,a,0,0,0,0,0,0,0,0.00,0.00,0.00,0.00,0,0,0,0,0,0,0,False,,,,0.0,0.0,0.0,0.0,0,0,0,0,Fulham (Away)
Welbeck,FWD,Brighton,6.5,5.2,0.0,a,0,0,0,0,0,10,5,1.36,9.58,10.94,37.40,0,0,0,0,0,0,0,False,,,,0.0,0.0,0.0,0.0,0,0,0,0,Fulham (Away)
Ferguson,FWD,Brighton,5.5,0.6,0.0,a,0,0,0,0,0,1,0,0.66,1.13,1.79,6.39,0,0,0,0,0,0,0,False,,,,0.0,0.0,0.0,0.0,0,0,0,0,Fulham (Away)
Tzimas,FWD,Brighton,5.5,0.2,0.0,a,0,0,0,0,0,0,0,0.00,0.00,0.00,0.00,0,0,0,0,0,0,0,False,,,,0.0,0.0,0.0,0.0,0,0,0,0,Fulham (Away)
Kostoulas,FWD,Brighton,5.0,1.4,0.0,a,0,0,0,0,0,0,0,0.00,0.00,0.00,0.00,0,0,0,0,0,0,0,False,,,,0.0,0.0,0.0,0.0,0,0,0,0,Fulham (Away)
Sánchez,GKP,Chelsea,5.0,7.5,0.0,a,0,0,0,0,0,0,0,0.02,0.00,0.02,38.55,0,0,0,0,0,0,0,False,,,,0.0,0.0,0.0,0.0,0,0,0,0,Crystal Palace (Away)
Jörgensen,GKP,Chelsea,4.5,0.4,0.0,a,0,0,0,0,0,0,0,0.00,0.00,0.00,8.83,0,0,0,0,0,0,0,False,,,,0.0,0.0,0.0,0.0,0,0,0,0,Crystal Palace (Away)
Penders,GKP,Chelsea,4.0,0.3,0.0,a,0,0,0,0,0,0,0,0.00,0.00,0.00,0.00,0,0,0,0,0,0,0,False,,,,0.0,0.0,0.0,0.0,0,0,0,0,Crystal Palace (Away)
Slonina,GKP,Chelsea,4.0,0.3,0.0,a,0,0,0,0,0,0,0,0.00,0.00,0.00,0.00,0,0,0,0,0,0,0,False,,,,0.0,0.0,0.0,0.0,0,0,0,0,Crystal Palace (Away)
Cucurella,DEF,Chelsea,6.0,28.1,0.0,a,0,0,0,0,0,5,2,2.39,2.79,5.18,39.94,0,0,0,0,0,0,0,False,,,,0.0,0.0,0.0,0.0,0,0,0,0,Crystal Palace (Away)
James,DEF,Chelsea,5.5,3.7,0.0,a,0,0,0,0,0,1,2,1.15,0.45,1.60,16.10,0,0,0,0,0,0,0,False,,,,0.0,0.0,0.0,0.0,0,0,0,0,Crystal Palace (Away)
Chalobah,DEF,Chelsea,5.0,0.7,0.0,a,0,0,0,0,0,3,1,0.64,1.98,2.62,27.15,0,0,0,0,0,0,0,False,,,,0.0,0.0,0.0,0.0,0,0,0,0,Crystal Palace (Away)
Colwill,DEF,Chelsea,5.0,4.5,0.0,a,0,0,0,0,0,2,1,1.31,1.92,3.23,43.52,0,0,0,0,0,0,0,False,,,,0.0,0.0,0.0,0.0,0,0,0,0,Crystal Palace (Away)
Gusto,DEF,Chelsea,5.0,2.4,0.0,a,0,0,0,0,0,0,1,1.91,1.44,3.35,27.43,0,0,0,0,0,0,0,False,,,,0.0,0.0,0.0,0.0,0,0,0,0,Crystal Palace (Away)
B.Badiashile,DEF,Chelsea,4.5,0.2,0.0,a,0,0,0,0,0,0,0,0.08,0.00,0.08,5.34,0,0,0,0,0,0,0,False,,,,0.0,0.0,0.0,0.0,0,0,0,0,Crystal Palace (Away)
Fofana,DEF,Chelsea,4.5,0.3,0.0,a,0,0,0,0,0,0,0,0.18,0.44,0.62,14.76,0,0,0,0,0,0,0,False,,,,0.0,0.0,0.0,0.0,0,0,0,0,Crystal Palace (Away)
M.Sarr,DEF,Chelsea,4.5,0.2,0.0,a,0,0,0,0,0,0,0,0.00,0.00,0.00,0.00,0,0,0,0,0,0,0,False,,,,0.0,0.0,0.0,0.0,0,0,0,0,Crystal Palace (Away)
Tosin,DEF,Chelsea,4.5,0.6,0.0,a,0,0,0,0,0,1,1,0.23,0.93,1.16,19.62,0,0,0,0,0,0,0,False,,,,0.0,0.0,0.0,0.0,0,0,0,0,Crystal Palace (Away)
Acheampong,DEF,Chelsea,4.0,0.7,0.0,a,0,0,0,0,0,0,0,0.01,0.22,0.23,2.09,0,0,0,0,0,0,0,False,,,,0.0,0.0,0.0,0.0,0,0,0,0,Crystal Palace (Away)
Anselmino,DEF,Chelsea,4.0,0.6,0.0,a,0,0,0,0,0,0,0,0.00,0.00,0.00,0.00,0,0,0,0,0,0,0,False,,,,0.0,0.0,0.0,0.0,0,0,0,0,Crystal Palace (Away)
Palmer,MID,Chelsea,10.5,36.8,0.0,a,0,0,0,0,0,15,10,9.53,16.79,26.32,43.88,0,0,0,0,0,0,0,False,,,,0.0,0.0,0.0,0.0,0,0,0,0,Crystal Palace (Away)
Neto,MID,Chelsea,7.0,11.1,0.0,a,0,0,0,0,0,4,6,4.47,3.48,7.95,27.98,0,0,0,0,0,0,0,False,,,,0.0,0.0,0.0,0.0,0,0,0,0,Crystal Palace (Away)
Enzo,MID,Chelsea,6.5,3.3,0.0,a,0,0,0,0,0,6,8,6.11,6.23,12.34,38.06,0,0,0,0,0,0,0,False,,,,0.0,0.0,0.0,0.0,0,0,0,0,Crystal Palace (Away)
Estêvão,MID,Chelsea,6.5,0.4,0.0,a,0,0,0,0,0,0,0,0.00,0.00,0.00,0.00,0,0,0,0,0,0,0,False,,,,0.0,0.0,0.0,0.0,0,0,0,0,Crystal Palace (Away)
Gittens,MID,Chelsea,6.5,0.4,0.0,a,0,0,0,0,0,0,0,0.00,0.00,0.00,0.00,0,0,0,0,0,0,0,False,,,,0.0,0.0,0.0,0.0,0,0,0,0,Crystal Palace (Away)
Nkunku,MID,Chelsea,6.0,0.2,0.0,a,0,0,0,0,0,3,2,1.01,5.11,6.12,16.25,0,0,0,0,0,0,0,False,,,,0.0,0.0,0.0,0.0,0,0,0,0,Crystal Palace (Away)
Caicedo,MID,Chelsea,5.5,5.2,0.0,a,0,0,0,0,0,1,4,2.82,0.81,3.63,45.42,0,0,0,0,0,0,0,False,,,,0.0,0.0,0.0,0.0,0,0,0,0,Crystal Palace (Away)
Dewsbury-Hall,MID,Chelsea,5.0,0.2,0.0,a,0,0,0,0,0,0,1,0.22,0.22,0.44,3.88,0,0,0,0,0,0,0,False,,,,0.0,0.0,0.0,0.0,0,0,0,0,Crystal Palace (Away)
George,MID,Chelsea,5.0,0.2,0.0,a,0,0,0,0,0,1,1,0.26,0.20,0.46,1.41,0,0,0,0,0,0,0,False,,,,0.0,0.0,0.0,0.0,0,0,0,0,Crystal Palace (Away)
Lavia,MID,Chelsea,5.0,0.3,0.0,a,0,0,0,0,0,0,1,0.38,0.25,0.63,14.33,0,0,0,0,0,0,0,False,,,,0.0,0.0,0.0,0.0,0,0,0,0,Crystal Palace (Away)
Mudryk,MID,Chelsea,5.0,0.0,0.0,s,0,0,0,0,0,0,0,0.66,0.24,0.90,3.28,0,0,0,0,0,0,0,False,,,,0.0,0.0,0.0,0.0,0,0,0,0,Crystal Palace (Away)
Andrey Santos,MID,Chelsea,4.5,0.6,0.0,a,0,0,0,0,0,0,0,0.00,0.00,0.00,0.00,0,0,0,0,0,0,0,False,,,,0.0,0.0,0.0,0.0,0,0,0,0,Crystal Palace (Away)
D.Essugo,MID,Chelsea,4.5,0.1,0.0,a,0,0,0,0,0,0,0,0.00,0.00,0.00,0.00,0,0,0,0,0,0,0,False,,,,0.0,0.0,0.0,0.0,0,0,0,0,Crystal Palace (Away)
Paez,MID,Chelsea,4.5,0.1,0.0,a,0,0,0,0,0,0,0,0.00,0.00,0.00,0.00,0,0,0,0,0,0,0,False,,,,0.0,0.0,0.0,0.0,0,0,0,0,Crystal Palace (Away)
João Pedro,FWD,Chelsea,7.5,47.1,0.0,a,0,0,0,0,0,10,6,3.10,8.96,12.06,25.51,0,0,0,0,0,0,0,False,,,,0.0,0.0,0.0,0.0,0,0,0,0,Crystal Palace (Away)
Delap,FWD,Chelsea,6.5,4.8,0.0,a,0,0,0,0,0,12,2,1.38,9.44,10.82,53.60,0,0,0,0,0,0,0,False,,,,0.0,0.0,0.0,0.0,0,0,0,0,Crystal Palace (Away)
N.Jackson,FWD,Chelsea,6.5,0.0,0.0,s,0,0,0,0,0,10,6,1.90,11.68,13.58,28.47,0,0,0,0,0,0,0,False,,,,0.0,0.0,0.0,0.0,0,0,0,0,Crystal Palace (Away)
Marc Guiu,FWD,Chelsea,4.5,1.2,0.0,a,0,0,0,0,0,0,0,0.02,0.00,0.02,1.46,0,0,0,0,0,0,0,False,,,,0.0,0.0,0.0,0.0,0,0,0,0,Crystal Palace (Away)
Henderson,GKP,Crystal Palace,5.0,3.8,0.0,a,0,0,0,0,0,0,0,0.02,0.01,0.03,50.33,0,0,0,0,0,0,0,False,,,,0.0,0.0,0.0,0.0,0,0,0,0,Chelsea (Home)
Benitez,GKP,Crystal Palace,4.0,0.8,0.0,a,0,0,0,0,0,0,0,0.00,0.00,0.00,0.00,0,0,0,0,0,0,0,False,,,,0.0,0.0,0.0,0.0,0,0,0,0,Chelsea (Home)
Matthews,GKP,Crystal Palace,4.0,0.3,0.0,a,0,0,0,0,0,0,0,0.00,0.00,0.00,0.00,0,0,0,0,0,0,0,False,,,,0.0,0.0,0.0,0.0,0,0,0,0,Chelsea (Home)
Muñoz,DEF,Crystal Palace,5.5,8.8,0.0,a,0,0,0,0,0,4,6,3.46,4.92,8.38,46.30,0,0,0,0,0,0,0,False,,,,0.0,0.0,0.0,0.0,0,0,0,0,Chelsea (Home)
Lacroix,DEF,Crystal Palace,5.0,0.8,0.0,a,0,0,0,0,0,1,2,1.01,3.50,4.51,44.59,0,0,0,0,0,0,0,False,,,,0.0,0.0,0.0,0.0,0,0,0,0,Chelsea (Home)
Mitchell,DEF,Crystal Palace,5.0,0.9,0.0,a,0,0,0,0,0,0,6,3.67,1.31,4.98,46.45,0,0,0,0,0,0,0,False,,,,0.0,0.0,0.0,0.0,0,0,0,0,Chelsea (Home)
Sosa,DEF,Crystal Palace,5.0,0.3,0.0,a,0,0,0,0,0,0,0,0.00,0.00,0.00,0.00,0,0,0,0,0,0,0,False,,,,0.0,0.0,0.0,0.0,0,0,0,0,Chelsea (Home)
Guéhi,DEF,Crystal Palace,4.5,8.9,0.0,a,0,0,0,0,0,3,2,2.01,1.87,3.88,41.55,0,0,0,0,0,0,0,False,,,,0.0,0.0,0.0,0.0,0,0,0,0,Chelsea (Home)
Richards,DEF,Crystal Palace,4.5,0.3,0.0,a,0,0,0,0,0,1,1,0.60,1.33,1.93,29.78,0,0,0,0,0,0,0,False,,,,0.0,0.0,0.0,0.0,0,0,0,0,Chelsea (Home)
Chadi Riad,DEF,Crystal Palace,4.0,0.0,0.0,i,0,0,0,0,0,0,0,0.02,0.00,0.02,1.39,0,0,0,0,0,0,0,False,,,,0.0,0.0,0.0,0.0,0,0,0,0,Chelsea (Home)
Clyne,DEF,Crystal Palace,4.0,1.3,0.0,a,0,0,0,0,0,0,0,0.24,0.02,0.26,10.11,0,0,0,0,0,0,0,False,,,,0.0,0.0,0.0,0.0,0,0,0,0,Chelsea (Home)
Holding,DEF,Crystal Palace,4.0,0.8,0.0,a,0,0,0,0,0,0,0,0.00,0.00,0.00,0.00,0,0,0,0,0,0,0,False,,,,0.0,0.0,0.0,0.0,0,0,0,0,Chelsea (Home)
Kporha,DEF,Crystal Palace,4.0,0.6,0.0,a,0,0,0,0,0,0,0,0.02,0.00,0.02,0.06,0,0,0,0,0,0,0,False,,,,0.0,0.0,0.0,0.0,0,0,0,0,Chelsea (Home)
Eze,MID,Crystal Palace,7.5,6.6,0.0,a,0,0,0,0,0,8,8,4.67,10.39,15.06,35.03,0,0,0,0,0,0,0,False,,,,0.0,0.0,0.0,0.0,0,0,0,0,Chelsea (Home)
Sarr,MID,Crystal Palace,6.5,1.8,0.0,a,0,0,0,0,0,8,7,6.82,10.82,17.64,38.63,0,0,0,0,0,0,0,False,,,,0.0,0.0,0.0,0.0,0,0,0,0,Chelsea (Home)
Doucouré,MID,Crystal Palace,5.0,0.0,0.0,i,0,0,0,0,0,0,1,0.11,0.40,0.51,7.53,0,0,0,0,0,0,0,False,,,,0.0,0.0,0.0,0.0,0,0,0,0,Chelsea (Home)
Esse,MID,Crystal Palace,5.0,0.4,0.0,a,0,0,0,0,0,1,2,0.39,0.32,0.71,2.15,0,0,0,0,0,0,0,False,,,,0.0,0.0,0.0,0.0,0,0,0,0,Chelsea (Home)
Hughes,MID,Crystal Palace,5.0,0.2,0.0,a,0,0,0,0,0,0,4,2.64,1.09,3.73,31.64,0,0,0,0,0,0,0,False,,,,0.0,0.0,0.0,0.0,0,0,0,0,Chelsea (Home)
Kamada,MID,Crystal Palace,5.0,0.2,0.0,a,0,0,0,0,0,0,0,1.55,1.12,2.67,25.74,0,0,0,0,0,0,0,False,,,,0.0,0.0,0.0,0.0,0,0,0,0,Chelsea (Home)
Lerma,MID,Crystal Palace,5.0,0.2,0.0,a,0,0,0,0,0,0,1,1.75,1.07,2.82,33.55,0,0,0,0,0,0,0,False,,,,0.0,0.0,0.0,0.0,0,0,0,0,Chelsea (Home)
Wharton,MID,Crystal Palace,5.0,0.9,0.0,a,0,0,0,0,0,0,2,2.17,0.38,2.55,19.34,0,0,0,0,0,0,0,False,,,,0.0,0.0,0.0,0.0,0,0,0,0,Chelsea (Home)
Agbinone,MID,Crystal Palace,4.5,0.1,0.0,a,0,0,0,0,0,0,0,0.01,0.02,0.03,0.00,0,0,0,0,0,0,0,False,,,,0.0,0.0,0.0,0.0,0,0,0,0,Chelsea (Home)
Ahamada,MID,Crystal Palace,4.5,0.1,0.0,a,0,0,0,0,0,0,0,0.00,0.00,0.00,0.00,0,0,0,0,0,0,0,False,,,,0.0,0.0,0.0,0.0,0,0,0,0,Chelsea (Home)
Devenny,MID,Crystal Palace,4.5,1.3,0.0,a,0,0,0,0,0,1,1,0.41,0.77,1.18,9.30,0,0,0,0,0,0,0,False,,,,0.0,0.0,0.0,0.0,0,0,0,0,Chelsea (Home)
Ebiowei,MID,Crystal Palace,4.5,0.1,0.0,a,0,0,0,0,0,0,0,0.00,0.00,0.00,0.00,0,0,0,0,0,0,0,False,,,,0.0,0.0,0.0,0.0,0,0,0,0,Chelsea (Home)
J.Rak-Sakyi,MID,Crystal Palace,4.5,0.3,0.0,a,0,0,0,0,0,0,0,0.00,0.00,0.00,0.00,0,0,0,0,0,0,0,False,,,,0.0,0.0,0.0,0.0,0,0,0,0,Chelsea (Home)
M.França,MID,Crystal Palace,4.5,0.3,0.0,a,0,0,0,0,0,1,0,0.18,0.28,0.46,0.40,0,0,0,0,0,0,0,False,,,,0.0,0.0,0.0,0.0,0,0,0,0,Chelsea (Home)
Ozoh,MID,Crystal Palace,4.5,0.1,0.0,a,0,0,0,0,0,0,0,0.00,0.00,0.00,0.00,0,0,0,0,0,0,0,False,,,,0.0,0.0,0.0,0.0,0,0,0,0,Chelsea (Home)
Rodney,MID,Crystal Palace,4.5,0.1,0.0,a,0,0,0,0,0,0,0,0.00,0.00,0.00,0.00,0,0,0,0,0,0,0,False,,,,0.0,0.0,0.0,0.0,0,0,0,0,Chelsea (Home)
Umeh,MID,Crystal Palace,4.5,0.1,0.0,a,0,0,0,0,0,0,0,0.00,0.00,0.00,0.00,0,0,0,0,0,0,0,False,,,,0.0,0.0,0.0,0.0,0,0,0,0,Chelsea (Home)
Mateta,FWD,Crystal Palace,7.5,10.7,0.0,a,0,0,0,0,0,14,2,2.28,13.77,16.05,37.94,0,0,0,0,0,0,0,False,,,,0.0,0.0,0.0,0.0,0,0,0,0,Chelsea (Home)
Nketiah,FWD,Crystal Palace,5.5,0.9,0.0,a,0,0,0,0,0,3,2,0.83,5.94,6.77,14.29,0,0,0,0,0,0,0,False,,,,0.0,0.0,0.0,0.0,0,0,0,0,Chelsea (Home)
Édouard,FWD,Crystal Palace,5.0,1.1,0.0,a,0,0,0,0,0,0,0,0.07,0.39,0.46,3.72,0,0,0,0,0,0,0,False,,,,0.0,0.0,0.0,0.0,0,0,0,0,Chelsea (Home)
Marsh,FWD,Crystal Palace,4.5,0.7,0.0,a,0,0,0,0,0,0,0,0.00,0.00,0.00,0.00,0,0,0,0,0,0,0,False,,,,0.0,0.0,0.0,0.0,0,0,0,0,Chelsea (Home)
Pickford,GKP,Everton,5.5,22.5,0.0,a,0,0,0,0,0,0,1,0.22,0.00,0.22,46.11,0,0,0,0,0,0,0,False,,,,0.0,0.0,0.0,0.0,0,0,0,0,Leeds (Home)
Travers,GKP,Everton,4.5,0.5,0.0,a,0,0,0,0,0,0,0,0.01,0.00,0.01,7.36,0,0,0,0,0,0,0,False,,,,0.0,0.0,0.0,0.0,0,0,0,0,Leeds (Home)
Tyrer,GKP,Everton,4.0,0.4,0.0,a,0,0,0,0,0,0,0,0.00,0.00,0.00,0.00,0,0,0,0,0,0,0,False,,,,0.0,0.0,0.0,0.0,0,0,0,0,Leeds (Home)
Branthwaite,DEF,Everton,5.5,1.9,0.0,a,0,0,0,0,0,0,1,0.61,1.20,1.81,29.83,0,0,0,0,0,0,0,False,,,,0.0,0.0,0.0,0.0,0,0,0,0,Leeds (Home)
Tarkowski,DEF,Everton,5.5,5.6,0.0,a,0,0,0,0,0,1,1,2.33,1.32,3.65,39.30,0,0,0,0,0,0,0,False,,,,0.0,0.0,0.0,0.0,0,0,0,0,Leeds (Home)
Mykolenko,DEF,Everton,5.0,4.9,0.0,a,0,0,0,0,0,1,3,2.12,0.48,2.60,39.81,0,0,0,0,0,0,0,False,,,,0.0,0.0,0.0,0.0,0,0,0,0,Leeds (Home)
O'Brien,DEF,Everton,5.0,0.7,0.0,a,0,0,0,0,0,2,0,0.31,0.77,1.08,18.63,0,0,0,0,0,0,0,False,,,,0.0,0.0,0.0,0.0,0,0,0,0,Leeds (Home)
Coleman,DEF,Everton,4.5,0.3,0.0,a,0,0,0,0,0,0,0,0.03,0.62,0.65,4.45,0,0,0,0,0,0,0,False,,,,0.0,0.0,0.0,0.0,0,0,0,0,Leeds (Home)
Keane,DEF,Everton,4.5,0.4,0.0,a,0,0,0,0,0,3,0,0.02,0.61,0.63,19.16,0,0,0,0,0,0,0,False,,,,0.0,0.0,0.0,0.0,0,0,0,0,Leeds (Home)
Patterson,DEF,Everton,4.5,0.3,0.0,a,0,0,0,0,0,0,1,0.38,0.07,0.45,4.48,0,0,0,0,0,0,0,False,,,,0.0,0.0,0.0,0.0,0,0,0,0,Leeds (Home)
Dixon,DEF,Everton,4.0,0.7,0.0,a,0,0,0,0,0,0,0,0.00,0.00,0.00,2.43,0,0,0,0,0,0,0,False,,,,0.0,0.0,0.0,0.0,0,0,0,0,Leeds (Home)
Welch,DEF,Everton,4.0,0.6,0.0,a,0,0,0,0,0,0,0,0.00,0.00,0.00,0.00,0,0,0,0,0,0,0,False,,,,0.0,0.0,0.0,0.0,0,0,0,0,Leeds (Home)
Ndiaye,MID,Everton,6.5,4.9,0.0,a,0,0,0,0,0,9,0,1.36,6.23,7.59,29.01,0,0,0,0,0,0,0,False,,,,0.0,0.0,0.0,0.0,0,0,0,0,Leeds (Home)
McNeil,MID,Everton,6.0,1.2,0.0,a,0,0,0,0,0,4,8,4.49,1.05,5.53,21.12,0,0,0,0,0,0,0,False,,,,0.0,0.0,0.0,0.0,0,0,0,0,Leeds (Home)
Alcaraz,MID,Everton,5.5,0.4,0.0,a,0,0,0,0,0,2,3,0.68,1.78,2.46,11.33,0,0,0,0,0,0,0,False,,,,0.0,0.0,0.0,0.0,0,0,0,0,Leeds (Home)
Gana,MID,Everton,5.5,0.2,0.0,a,0,0,0,0,0,0,3,1.99,1.15,3.14,39.88,0,0,0,0,0,0,0,False,,,,0.0,0.0,0.0,0.0,0,0,0,0,Leeds (Home)
Garner,MID,Everton,5.0,0.2,0.0,a,0,0,0,0,0,0,1,1.37,0.67,2.04,19.71,0,0,0,0,0,0,0,False,,,,0.0,0.0,0.0,0.0,0,0,0,0,Leeds (Home)
Iroegbunam,MID,Everton,5.0,0.2,0.0,a,0,0,0,0,0,0,1,0.14,0.23,0.37,12.25,0,0,0,0,0,0,0,False,,,,0.0,0.0,0.0,0.0,0,0,0,0,Leeds (Home)
Armstrong,MID,Everton,4.5,0.4,0.0,a,0,0,0,0,0,0,0,0.00,0.37,0.37,0.45,0,0,0,0,0,0,0,False,,,,0.0,0.0,0.0,0.0,0,0,0,0,Leeds (Home)
Bates,MID,Everton,4.5,0.1,0.0,a,0,0,0,0,0,0,0,0.00,0.00,0.00,0.00,0,0,0,0,0,0,0,False,,,,0.0,0.0,0.0,0.0,0,0,0,0,Leeds (Home)
Ebere,MID,Everton,4.5,0.1,0.0,a,0,0,0,0,0,0,0,0.00,0.00,0.00,0.00,0,0,0,0,0,0,0,False,,,,0.0,0.0,0.0,0.0,0,0,0,0,Leeds (Home)
Heath,MID,Everton,4.5,0.1,0.0,a,0,0,0,0,0,0,0,0.00,0.00,0.00,0.00,0,0,0,0,0,0,0,False,,,,0.0,0.0,0.0,0.0,0,0,0,0,Leeds (Home)
Metcalfe,MID,Everton,4.5,0.1,0.0,a,0,0,0,0,0,0,0,0.00,0.00,0.00,0.00,0,0,0,0,0,0,0,False,,,,0.0,0.0,0.0,0.0,0,0,0,0,Leeds (Home)
Barry,FWD,Everton,6.0,3.4,0.0,a,0,0,0,0,0,0,0,0.00,0.00,0.00,0.00,0,0,0,0,0,0,0,False,,,,0.0,0.0,0.0,0.0,0,0,0,0,Leeds (Home)
Beto,FWD,Everton,5.5,8.9,0.0,a,0,0,0,0,0,8,0,0.44,7.89,8.33,18.80,0,0,0,0,0,0,0,False,,,,0.0,0.0,0.0,0.0,0,0,0,0,Leeds (Home)
Y.Chermiti,FWD,Everton,5.0,0.6,0.0,a,0,0,0,0,0,0,0,0.00,0.11,0.11,0.47,0,0,0,0,0,0,0,False,,,,0.0,0.0,0.0,0.0,0,0,0,0,Leeds (Home)
Sherif,FWD,Everton,4.5,0.7,0.0,a,0,0,0,0,0,0,0,0.00,0.00,0.00,0.00,0,0,0,0,0,0,0,False,,,,0.0,0.0,0.0,0.0,0,0,0,0,Leeds (Home)
Leno,GKP,Fulham,5.0,2.4,0.0,a,0,0,0,0,0,0,2,0.03,0.00,0.03,47.75,0,0,0,0,0,0,0,False,,,,0.0,0.0,0.0,0.0,0,0,0,0,Brighton (Home)
Benda,GKP,Fulham,4.0,0.5,0.0,a,0,0,0,0,0,0,0,0.00,0.00,0.00,0.00,0,0,0,0,0,0,0,False,,,,0.0,0.0,0.0,0.0,0,0,0,0,Brighton (Home)
Robinson,DEF,Fulham,5.0,5.7,0.0,a,0,0,0,0,0,0,10,4.17,0.70,4.87,44.79,0,0,0,0,0,0,0,False,,,,0.0,0.0,0.0,0.0,0,0,0,0,Brighton (Home)
Andersen,DEF,Fulham,4.5,0.8,0.0,a,0,0,0,0,0,0,0,0.57,1.04,1.61,37.85,0,0,0,0,0,0,0,False,,,,0.0,0.0,0.0,0.0,0,0,0,0,Brighton (Home)
Bassey,DEF,Fulham,4.5,0.5,0.0,a,0,0,0,0,0,1,0,0.42,1.02,1.44,39.22,0,0,0,0,0,0,0,False,,,,0.0,0.0,0.0,0.0,0,0,0,0,Brighton (Home)
Castagne,DEF,Fulham,4.5,0.3,0.0,a,0,0,0,0,0,0,1,0.56,0.38,0.94,22.39,0,0,0,0,0,0,0,False,,,,0.0,0.0,0.0,0.0,0,0,0,0,Brighton (Home)
Diop,DEF,Fulham,4.5,0.2,0.0,a,0,0,0,0,0,0,0,0.07,0.51,0.58,19.98,0,0,0,0,0,0,0,False,,,,0.0,0.0,0.0,0.0,0,0,0,0,Brighton (Home)
J.Cuenca,DEF,Fulham,4.5,0.2,0.0,a,0,0,0,0,0,0,0,0.01,0.02,0.03,8.99,0,0,0,0,0,0,0,False,,,,0.0,0.0,0.0,0.0,0,0,0,0,Brighton (Home)
Tete,DEF,Fulham,4.5,0.3,0.0,a,0,0,0,0,0,0,2,0.65,1.37,2.02,25.50,0,0,0,0,0,0,0,False,,,,0.0,0.0,0.0,0.0,0,0,0,0,Brighton (Home)
Amissah,DEF,Fulham,4.0,0.7,0.0,a,0,0,0,0,0,0,0,0.00,0.00,0.00,0.00,0,0,0,0,0,0,0,False,,,,0.0,0.0,0.0,0.0,0,0,0,0,Brighton (Home)
Iwobi,MID,Fulham,6.5,0.9,0.0,a,0,0,0,0,0,9,6,6.90,4.33,11.23,38.06,0,0,0,0,0,0,0,False,,,,0.0,0.0,0.0,0.0,0,0,0,0,Brighton (Home)
Smith Rowe,MID,Fulham,6.0,1.1,0.0,a,0,0,0,0,0,6,3,2.04,4.45,6.49,25.35,0,0,0,0,0,0,0,False,,,,0.0,0.0,0.0,0.0,0,0,0,0,Brighton (Home)
Adama,MID,Fulham,5.5,0.3,0.0,a,0,0,0,0,0,2,8,4.61,4.11,8.72,25.17,0,0,0,0,0,0,0,False,,,,0.0,0.0,0.0,0.0,0,0,0,0,Brighton (Home)
Andreas,MID,Fulham,5.5,0.5,0.0,a,0,0,0,0,0,2,6,4.63,4.24,8.87,27.35,0,0,0,0,0,0,0,False,,,,0.0,0.0,0.0,0.0,0,0,0,0,Brighton (Home)
Sessegnon,MID,Fulham,5.5,0.4,0.0,a,0,0,0,0,0,4,2,1.12,1.64,2.76,8.20,0,0,0,0,0,0,0,False,,,,0.0,0.0,0.0,0.0,0,0,0,0,Brighton (Home)
Wilson,MID,Fulham,5.5,0.3,0.0,a,0,0,0,0,0,6,2,1.17,4.19,5.36,16.22,0,0,0,0,0,0,0,False,,,,0.0,0.0,0.0,0.0,0,0,0,0,Brighton (Home)
Berge,MID,Fulham,5.0,0.3,0.0,a,0,0,0,0,0,0,0,0.63,0.45,1.08,30.81,0,0,0,0,0,0,0,False,,,,0.0,0.0,0.0,0.0,0,0,0,0,Brighton (Home)
Cairney,MID,Fulham,5.0,0.2,0.0,a,0,0,0,0,0,2,0,1.14,0.73,1.87,9.59,0,0,0,0,0,0,0,False,,,,0.0,0.0,0.0,0.0,0,0,0,0,Brighton (Home)
Lukić,MID,Fulham,5.0,0.2,0.0,a,0,0,0,0,0,0,2,1.40,1.16,2.56,33.02,0,0,0,0,0,0,0,False,,,,0.0,0.0,0.0,0.0,0,0,0,0,Brighton (Home)
Godo,MID,Fulham,4.5,0.2,0.0,a,0,0,0,0,0,0,0,0.07,0.00,0.07,0.15,0,0,0,0,0,0,0,False,,,,0.0,0.0,0.0,0.0,0,0,0,0,Brighton (Home)
Harris,MID,Fulham,4.5,0.2,0.0,a,0,0,0,0,0,0,0,0.00,0.00,0.00,0.00,0,0,0,0,0,0,0,False,,,,0.0,0.0,0.0,0.0,0,0,0,0,Brighton (Home)
King,MID,Fulham,4.5,0.3,0.0,a,0,0,0,0,0,0,0,0.67,0.28,0.95,0.74,0,0,0,0,0,0,0,False,,,,0.0,0.0,0.0,0.0,0,0,0,0,Brighton (Home)
Reed,MID,Fulham,4.5,0.4,0.0,a,0,0,0,0,0,0,0,0.09,0.23,0.32,4.62,0,0,0,0,0,0,0,False,,,,0.0,0.0,0.0,0.0,0,0,0,0,Brighton (Home)
Raúl,FWD,Fulham,6.5,3.0,0.0,a,0,0,0,0,0,12,3,2.07,11.97,14.04,33.49,0,0,0,0,0,0,0,False,,,,0.0,0.0,0.0,0.0,0,0,0,0,Brighton (Home)
Muniz,FWD,Fulham,5.5,2.4,0.0,a,0,0,0,0,0,8,1,0.20,5.91,6.11,15.28,0,0,0,0,0,0,0,False,,,,0.0,0.0,0.0,0.0,0,0,0,0,Brighton (Home)
Meslier,GKP,Leeds,4.5,1.6,0.0,a,0,0,0,0,0,0,0,0.00,0.00,0.00,0.00,0,0,0,0,0,0,0,False,,,,0.0,0.0,0.0,0.0,0,0,0,0,Everton (Away)
Cairns,GKP,Leeds,4.0,0.6,0.0,a,0,0,0,0,0,0,0,0.00,0.00,0.00,0.00,0,0,0,0,0,0,0,False,,,,0.0,0.0,0.0,0.0,0,0,0,0,Everton (Away)
Darlow,GKP,Leeds,4.0,4.2,0.0,a,0,0,0,0,0,0,0,0.00,0.00,0.00,0.00,0,0,0,0,0,0,0,False,,,,0.0,0.0,0.0,0.0,0,0,0,0,Everton (Away)
Bogle,DEF,Leeds,4.5,1.3,0.0,a,0,0,0,0,0,0,0,0.00,0.00,0.00,0.00,0,0,0,0,0,0,0,False,,,,0.0,0.0,0.0,0.0,0,0,0,0,Everton (Away)
Struijk,DEF,Leeds,4.5,0.6,0.0,a,0,0,0,0,0,0,0,0.00,0.00,0.00,0.00,0,0,0,0,0,0,0,False,,,,0.0,0.0,0.0,0.0,0,0,0,0,Everton (Away)
Bijol,DEF,Leeds,4.0,0.2,0.0,s,0,0,0,0,0,0,0,0.00,0.00,0.00,0.00,0,0,0,0,0,0,0,False,,,,0.0,0.0,0.0,0.0,0,0,0,0,Everton (Away)
Bornauw,DEF,Leeds,4.0,0.8,0.0,a,0,0,0,0,0,0,0,0.00,0.00,0.00,0.00,0,0,0,0,0,0,0,False,,,,0.0,0.0,0.0,0.0,0,0,0,0,Everton (Away)
Byram,DEF,Leeds,4.0,0.9,0.0,a,0,0,0,0,0,0,0,0.00,0.00,0.00,0.00,0,0,0,0,0,0,0,False,,,,0.0,0.0,0.0,0.0,0,0,0,0,Everton (Away)
Gudmundsson,DEF,Leeds,4.0,1.5,0.0,a,0,0,0,0,0,0,0,0.00,0.00,0.00,0.00,0,0,0,0,0,0,0,False,,,,0.0,0.0,0.0,0.0,0,0,0,0,Everton (Away)
Rodon,DEF,Leeds,4.0,2.1,0.0,a,0,0,0,0,0,0,0,0.00,0.00,0.00,0.00,0,0,0,0,0,0,0,False,,,,0.0,0.0,0.0,0.0,0,0,0,0,Everton (Away)
Schmidt,DEF,Leeds,4.0,1.1,0.0,a,0,0,0,0,0,0,0,0.00,0.00,0.00,0.00,0,0,0,0,0,0,0,False,,,,0.0,0.0,0.0,0.0,0,0,0,0,Everton (Away)
Aaronson,MID,Leeds,5.5,0.2,0.0,a,0,0,0,0,0,0,0,0.00,0.00,0.00,0.00,0,0,0,0,0,0,0,False,,,,0.0,0.0,0.0,0.0,0,0,0,0,Everton (Away)
Gnonto,MID,Leeds,5.5,1.1,0.0,a,0,0,0,0,0,0,0,0.00,0.00,0.00,0.00,0,0,0,0,0,0,0,False,,,,0.0,0.0,0.0,0.0,0,0,0,0,Everton (Away)
Harrison,MID,Leeds,5.5,0.3,0.0,a,0,0,0,0,0,1,3,3.12,3.54,6.66,31.23,0,0,0,0,0,0,0,False,,,,0.0,0.0,0.0,0.0,0,0,0,0,Everton (Away)
James,MID,Leeds,5.5,1.2,0.0,a,0,0,0,0,0,0,0,0.00,0.00,0.00,0.00,0,0,0,0,0,0,0,False,,,,0.0,0.0,0.0,0.0,0,0,0,0,Everton (Away)
Ampadu,MID,Leeds,5.0,0.3,0.0,a,0,0,0,0,0,0,0,0.00,0.00,0.00,0.00,0,0,0,0,0,0,0,False,,,,0.0,0.0,0.0,0.0,0,0,0,0,Everton (Away)
Greenwood,MID,Leeds,5.0,0.3,0.0,a,0,0,0,0,0,0,0,0.00,0.00,0.00,0.00,0,0,0,0,0,0,0,False,,,,0.0,0.0,0.0,0.0,0,0,0,0,Everton (Away)
Gruev,MID,Leeds,5.0,0.2,0.0,a,0,0,0,0,0,0,0,0.00,0.00,0.00,0.00,0,0,0,0,0,0,0,False,,,,0.0,0.0,0.0,0.0,0,0,0,0,Everton (Away)
Ramazani,MID,Leeds,5.0,0.3,0.0,a,0,0,0,0,0,0,0,0.00,0.00,0.00,0.00,0,0,0,0,0,0,0,False,,,,0.0,0.0,0.0,0.0,0,0,0,0,Everton (Away)
Tanaka,MID,Leeds,5.0,0.9,0.0,a,0,0,0,0,0,0,0,0.00,0.00,0.00,0.00,0,0,0,0,0,0,0,False,,,,0.0,0.0,0.0,0.0,0,0,0,0,Everton (Away)
Crew,MID,Leeds,4.5,0.2,0.0,a,0,0,0,0,0,0,0,0.00,0.00,0.00,0.00,0,0,0,0,0,0,0,False,,,,0.0,0.0,0.0,0.0,0,0,0,0,Everton (Away)
Gelhardt,MID,Leeds,4.5,0.6,0.0,a,0,0,0,0,0,0,0,0.00,0.00,0.00,0.00,0,0,0,0,0,0,0,False,,,,0.0,0.0,0.0,0.0,0,0,0,0,Everton (Away)
Gyabi,MID,Leeds,4.5,0.2,0.0,a,0,0,0,0,0,0,0,0.00,0.00,0.00,0.00,0,0,0,0,0,0,0,False,,,,0.0,0.0,0.0,0.0,0,0,0,0,Everton (Away)
Piroe,FWD,Leeds,5.5,2.4,0.0,a,0,0,0,0,0,0,0,0.00,0.00,0.00,0.00,0,0,0,0,0,0,0,False,,,,0.0,0.0,0.0,0.0,0,0,0,0,Everton (Away)
Bamford,FWD,Leeds,5.0,3.2,0.0,a,0,0,0,0,0,0,0,0.00,0.00,0.00,0.00,0,0,0,0,0,0,0,False,,,,0.0,0.0,0.0,0.0,0,0,0,0,Everton (Away)
Mateo Joseph,FWD,Leeds,5.0,0.7,0.0,a,0,0,0,0,0,0,0,0.00,0.00,0.00,0.00,0,0,0,0,0,0,0,False,,,,0.0,0.0,0.0,0.0,0,0,0,0,Everton (Away)
Nmecha,FWD,Leeds,5.0,1.6,0.0,a,0,0,0,0,0,0,0,0.00,0.00,0.00,0.00,0,0,0,0,0,0,0,False,,,,0.0,0.0,0.0,0.0,0,0,0,0,Everton (Away)
A.Becker,GKP,Liverpool,5.5,13.2,0.0,a,0,0,0,0,0,0,0,0.20,0.00,0.20,27.10,0,0,0,0,0,0,0,False,,,,0.0,0.0,0.0,0.0,0,0,0,0,Bournemouth (Away)
Mamardashvili,GKP,Liverpool,4.5,0.8,0.0,a,0,0,0,0,0,0,0,0.00,0.00,0.00,0.00,0,0,0,0,0,0,0,False,,,,0.0,0.0,0.0,0.0,0,0,0,0,Bournemouth (Away)
Pécsi,GKP,Liverpool,4.0,0.3,0.0,a,0,0,0,0,0,0,0,0.00,0.00,0.00,0.00,0,0,0,0,0,0,0,False,,,,0.0,0.0,0.0,0.0,0,0,0,0,Bournemouth (Away)
Woodman,GKP,Liverpool,4.0,0.3,0.0,a,0,0,0,0,0,0,0,0.00,0.00,0.00,0.00,0,0,0,0,0,0,0,False,,,,0.0,0.0,0.0,0.0,0,0,0,0,Bournemouth (Away)
Frimpong,DEF,Liverpool,6.0,28.1,0.0,a,0,0,0,0,0,0,0,0.00,0.00,0.00,0.00,0,0,0,0,0,0,0,False,,,,0.0,0.0,0.0,0.0,0,0,0,0,Bournemouth (Away)
Kerkez,DEF,Liverpool,6.0,22.7,0.0,a,0,0,0,0,0,2,6,2.57,0.60,3.17,48.69,0,0,0,0,0,0,0,False,,,,0.0,0.0,0.0,0.0,0,0,0,0,Bournemouth (Away)
Robertson,DEF,Liverpool,6.0,9.4,0.0,a,0,0,0,0,0,0,1,4.27,1.12,5.39,26.90,0,0,0,0,0,0,0,False,,,,0.0,0.0,0.0,0.0,0,0,0,0,Bournemouth (Away)
Virgil,DEF,Liverpool,6.0,17.4,0.0,a,0,0,0,0,0,3,1,0.98,2.22,3.20,36.13,0,0,0,0,0,0,0,False,,,,0.0,0.0,0.0,0.0,0,0,0,0,Bournemouth (Away)
Konaté,DEF,Liverpool,5.5,1.7,0.0,a,0,0,0,0,0,1,2,0.91,1.80,2.71,26.67,0,0,0,0,0,0,0,False,,,,0.0,0.0,0.0,0.0,0,0,0,0,Bournemouth (Away)
Bradley,DEF,Liverpool,5.0,0.9,0.0,a,0,0,0,0,0,0,2,1.43,0.70,2.13,12.40,0,0,0,0,0,0,0,False,,,,0.0,0.0,0.0,0.0,0,0,0,0,Bournemouth (Away)
Gomez,DEF,Liverpool,5.0,0.2,0.0,a,0,0,0,0,0,0,0,0.09,0.33,0.42,5.38,0,0,0,0,0,0,0,False,,,,0.0,0.0,0.0,0.0,0,0,0,0,Bournemouth (Away)
Tsimikas,DEF,Liverpool,5.0,0.2,0.0,a,0,0,0,0,0,0,1,2.32,0.39,2.71,9.03,0,0,0,0,0,0,0,False,,,,0.0,0.0,0.0,0.0,0,0,0,0,Bournemouth (Away)
Nallo,DEF,Liverpool,4.0,0.6,0.0,a,0,0,0,0,0,0,0,0.00,0.00,0.00,0.00,0,0,0,0,0,0,0,False,,,,0.0,0.0,0.0,0.0,0,0,0,0,Bournemouth (Away)
R.Williams,DEF,Liverpool,4.0,0.7,0.0,a,0,0,0,0,0,0,0,0.00,0.00,0.00,0.00,0,0,0,0,0,0,0,False,,,,0.0,0.0,0.0,0.0,0,0,0,0,Bournemouth (Away)
Ramsay,DEF,Liverpool,4.0,0.6,0.0,a,0,0,0,0,0,0,0,0.00,0.00,0.00,0.00,0,0,0,0,0,0,0,False,,,,0.0,0.0,0.0,0.0,0,0,0,0,Bournemouth (Away)
M.Salah,MID,Liverpool,14.5,41.3,0.0,a,0,0,0,0,0,29,18,8.99,24.70,33.69,37.83,0,0,0,0,0,0,0,False,,,,0.0,0.0,0.0,0.0,0,0,0,0,Bournemouth (Away)
Wirtz,MID,Liverpool,8.5,31.7,0.0,a,0,0,0,0,0,0,0,0.00,0.00,0.00,0.00,0,0,0,0,0,0,0,False,,,,0.0,0.0,0.0,0.0,0,0,0,0,Bournemouth (Away)
Luis Díaz,MID,Liverpool,8.0,4.0,0.0,a,0,0,0,0,0,13,7,4.34,11.90,16.24,24.44,0,0,0,0,0,0,0,False,,,,0.0,0.0,0.0,0.0,0,0,0,0,Bournemouth (Away)
Gakpo,MID,Liverpool,7.5,2.4,0.0,a,0,0,0,0,0,10,5,3.76,7.12,10.87,21.51,0,0,0,0,0,0,0,False,,,,0.0,0.0,0.0,0.0,0,0,0,0,Bournemouth (Away)
Chiesa,MID,Liverpool,6.5,0.1,0.0,a,0,0,0,0,0,0,0,0.15,0.34,0.49,2.80,0,0,0,0,0,0,0,False,,,,0.0,0.0,0.0,0.0,0,0,0,0,Bournemouth (Away)
Mac Allister,MID,Liverpool,6.5,0.7,0.0,a,0,0,0,0,0,5,6,5.57,2.89,8.46,24.21,0,0,0,0,0,0,0,False,,,,0.0,0.0,0.0,0.0,0,0,0,0,Bournemouth (Away)
Szoboszlai,MID,Liverpool,6.5,0.6,0.0,a,0,0,0,0,0,6,10,6.06,6.94,13.00,26.78,0,0,0,0,0,0,0,False,,,,0.0,0.0,0.0,0.0,0,0,0,0,Bournemouth (Away)
C.Jones,MID,Liverpool,5.5,0.2,0.0,a,0,0,0,0,0,3,5,1.46,4.34,5.80,23.35,0,0,0,0,0,0,0,False,,,,0.0,0.0,0.0,0.0,0,0,0,0,Bournemouth (Away)
Elliott,MID,Liverpool,5.5,0.3,0.0,a,0,0,0,0,0,1,2,0.64,1.78,2.42,6.14,0,0,0,0,0,0,0,False,,,,0.0,0.0,0.0,0.0,0,0,0,0,Bournemouth (Away)
Gravenberch,MID,Liverpool,5.5,0.1,0.0,s,0,0,0,0,0,0,4,3.50,1.13,4.63,33.06,0,0,0,0,0,0,0,False,,,,0.0,0.0,0.0,0.0,0,0,0,0,Bournemouth (Away)
Doak,MID,Liverpool,5.0,0.2,0.0,a,0,0,0,0,0,0,0,0.00,0.00,0.00,0.00,0,0,0,0,0,0,0,False,,,,0.0,0.0,0.0,0.0,0,0,0,0,Bournemouth (Away)
Endo,MID,Liverpool,5.0,0.2,0.0,a,0,0,0,0,0,0,0,0.09,0.00,0.09,4.25,0,0,0,0,0,0,0,False,,,,0.0,0.0,0.0,0.0,0,0,0,0,Bournemouth (Away)
Bajcetic,MID,Liverpool,4.5,0.1,0.0,a,0,0,0,0,0,0,0,0.00,0.00,0.00,0.00,0,0,0,0,0,0,0,False,,,,0.0,0.0,0.0,0.0,0,0,0,0,Bournemouth (Away)
McConnell,MID,Liverpool,4.5,0.1,0.0,a,0,0,0,0,0,0,0,0.00,0.00,0.00,0.00,0,0,0,0,0,0,0,False,,,,0.0,0.0,0.0,0.0,0,0,0,0,Bournemouth (Away)
Morton,MID,Liverpool,4.5,0.1,0.0,a,0,0,0,0,0,0,0,0.00,0.00,0.00,0.00,0,0,0,0,0,0,0,False,,,,0.0,0.0,0.0,0.0,0,0,0,0,Bournemouth (Away)
Nyoni,MID,Liverpool,4.5,0.2,0.0,a,0,0,0,0,0,0,0,0.00,0.00,0.00,0.00,0,0,0,0,0,0,0,False,,,,0.0,0.0,0.0,0.0,0,0,0,0,Bournemouth (Away)
Darwin,FWD,Liverpool,6.5,3.1,0.0,a,0,0,0,0,0,5,3,0.51,5.76,6.27,16.85,0,0,0,0,0,0,0,False,,,,0.0,0.0,0.0,0.0,0,0,0,0,Bournemouth (Away)
Danns,FWD,Liverpool,4.5,0.5,0.0,a,0,0,0,0,0,0,0,0.01,0.00,0.01,0.45,0,0,0,0,0,0,0,False,,,,0.0,0.0,0.0,0.0,0,0,0,0,Bournemouth (Away)
Ederson M.,GKP,Man City,5.5,9.8,0.0,a,0,0,0,0,0,0,4,0.16,0.00,0.16,29.50,0,0,0,0,0,0,0,False,,,,0.0,0.0,0.0,0.0,0,0,0,0,Wolves (Home)
Ortega Moreno,GKP,Man City,5.0,1.6,0.0,a,0,0,0,0,0,0,0,0.00,0.00,0.00,19.12,0,0,0,0,0,0,0,False,,,,0.0,0.0,0.0,0.0,0,0,0,0,Wolves (Home)
Bettinelli,GKP,Man City,4.0,0.4,0.0,a,0,0,0,0,0,0,0,0.00,0.00,0.00,0.00,0,0,0,0,0,0,0,False,,,,0.0,0.0,0.0,0.0,0,0,0,0,Wolves (Home)
Aït-Nouri,DEF,Man City,6.0,32.1,0.0,a,0,0,0,0,0,4,7,3.98,2.69,6.67,53.27,0,0,0,0,0,0,0,False,,,,0.0,0.0,0.0,0.0,0,0,0,0,Wolves (Home)
Gvardiol,DEF,Man City,6.0,20.3,0.0,a,0,0,0,0,0,5,0,2.92,4.60,7.52,44.27,0,0,0,0,0,0,0,False,,,,0.0,0.0,0.0,0.0,0,0,0,0,Wolves (Home)
Akanji,DEF,Man City,5.5,0.3,0.0,a,0,0,0,0,0,0,0,1.30,1.57,2.87,29.72,0,0,0,0,0,0,0,False,,,,0.0,0.0,0.0,0.0,0,0,0,0,Wolves (Home)
Aké,DEF,Man City,5.5,0.2,0.0,a,0,0,0,0,0,0,0,0.17,0.22,0.39,13.44,0,0,0,0,0,0,0,False,,,,0.0,0.0,0.0,0.0,0,0,0,0,Wolves (Home)
Khusanov,DEF,Man City,5.5,0.1,0.0,a,0,0,0,0,0,0,0,0.09,0.02,0.11,6.98,0,0,0,0,0,0,0,False,,,,0.0,0.0,0.0,0.0,0,0,0,0,Wolves (Home)
Matheus N.,DEF,Man City,5.5,0.6,0.0,a,0,0,0,0,0,1,7,3.32,1.11,4.43,24.87,0,0,0,0,0,0,0,False,,,,0.0,0.0,0.0,0.0,0,0,0,0,Wolves (Home)
Rúben,DEF,Man City,5.5,1.1,0.0,a,0,0,0,0,0,0,0,1.20,1.54,2.74,29.48,0,0,0,0,0,0,0,False,,,,0.0,0.0,0.0,0.0,0,0,0,0,Wolves (Home)
Stones,DEF,Man City,5.5,0.2,0.0,a,0,0,0,0,0,2,0,0.17,0.60,0.77,5.95,0,0,0,0,0,0,0,False,,,,0.0,0.0,0.0,0.0,0,0,0,0,Wolves (Home)
Lewis,DEF,Man City,5.0,0.6,0.0,a,0,0,0,0,0,1,2,1.01,1.32,2.33,27.60,0,0,0,0,0,0,0,False,,,,0.0,0.0,0.0,0.0,0,0,0,0,Wolves (Home)
O’Reilly,DEF,Man City,5.0,0.3,0.0,a,0,0,0,0,0,2,0,0.68,1.28,1.96,5.49,0,0,0,0,0,0,0,False,,,,0.0,0.0,0.0,0.0,0,0,0,0,Wolves (Home)
Vitor Reis,DEF,Man City,5.0,0.2,0.0,a,0,0,0,0,0,0,0,0.00,0.00,0.00,0.00,0,0,0,0,0,0,0,False,,,,0.0,0.0,0.0,0.0,0,0,0,0,Wolves (Home)
Marmoush,MID,Man City,8.5,15.4,0.0,a,0,0,0,0,0,7,1,1.71,5.41,7.12,14.48,0,0,0,0,0,0,0,False,,,,0.0,0.0,0.0,0.0,0,0,0,0,Wolves (Home)
Foden,MID,Man City,8.0,5.3,0.0,a,0,0,0,0,0,7,3,5.33,5.17,10.49,29.11,0,0,0,0,0,0,0,False,,,,0.0,0.0,0.0,0.0,0,0,0,0,Wolves (Home)
Savinho,MID,Man City,7.0,6.9,0.0,a,0,0,0,0,0,1,11,6.10,5.02,11.12,21.39,0,0,0,0,0,0,0,False,,,,0.0,0.0,0.0,0.0,0,0,0,0,Wolves (Home)
Bernardo,MID,Man City,6.5,0.3,0.0,a,0,0,0,0,0,4,4,4.56,3.84,8.40,39.68,0,0,0,0,0,0,0,False,,,,0.0,0.0,0.0,0.0,0,0,0,0,Wolves (Home)
Cherki,MID,Man City,6.5,7.3,0.0,a,0,0,0,0,0,0,0,0.00,0.00,0.00,0.00,0,0,0,0,0,0,0,False,,,,0.0,0.0,0.0,0.0,0,0,0,0,Wolves (Home)
Doku,MID,Man City,6.5,0.9,0.0,a,0,0,0,0,0,3,6,3.81,1.32,5.13,15.18,0,0,0,0,0,0,0,False,,,,0.0,0.0,0.0,0.0,0,0,0,0,Wolves (Home)
Grealish,MID,Man City,6.5,0.1,0.0,a,0,0,0,0,0,1,1,1.67,1.13,2.80,11.33,0,0,0,0,0,0,0,False,,,,0.0,0.0,0.0,0.0,0,0,0,0,Wolves (Home)
Gündoğan,MID,Man City,6.5,0.1,0.0,a,0,0,0,0,0,1,7,4.43,3.21,7.63,35.69,0,0,0,0,0,0,0,False,,,,0.0,0.0,0.0,0.0,0,0,0,0,Wolves (Home)
Rodrigo,MID,Man City,6.5,1.2,0.0,a,0,0,0,0,0,0,0,0.09,0.00,0.09,0.33,0,0,0,0,0,0,0,False,,,,0.0,0.0,0.0,0.0,0,0,0,0,Wolves (Home)
Kovačić,MID,Man City,6.0,0.0,0.0,i,0,0,0,0,0,6,3,3.21,1.91,5.11,31.50,0,0,0,0,0,0,0,False,,,,0.0,0.0,0.0,0.0,0,0,0,0,Wolves (Home)
N.Gonzalez,MID,Man City,6.0,0.1,0.0,a,0,0,0,0,0,1,1,0.48,0.45,0.93,8.99,0,0,0,0,0,0,0,False,,,,0.0,0.0,0.0,0.0,0,0,0,0,Wolves (Home)
Bobb,MID,Man City,5.5,0.3,0.0,a,0,0,0,0,0,0,0,0.02,0.00,0.02,0.47,0,0,0,0,0,0,0,False,,,,0.0,0.0,0.0,0.0,0,0,0,0,Wolves (Home)
Echeverri,MID,Man City,5.5,0.1,0.0,a,0,0,0,0,0,0,0,0.01,0.00,0.01,0.45,0,0,0,0,0,0,0,False,,,,0.0,0.0,0.0,0.0,0,0,0,0,Wolves (Home)
McAtee,MID,Man City,5.5,0.2,0.0,a,0,0,0,0,0,3,0,0.80,2.80,3.60,5.25,0,0,0,0,0,0,0,False,,,,0.0,0.0,0.0,0.0,0,0,0,0,Wolves (Home)
Reijnders,MID,Man City,5.5,2.6,0.0,a,0,0,0,0,0,0,0,0.00,0.00,0.00,0.00,0,0,0,0,0,0,0,False,,,,0.0,0.0,0.0,0.0,0,0,0,0,Wolves (Home)
Nypan,MID,Man City,5.0,0.2,0.0,a,0,0,0,0,0,0,0,0.00,0.00,0.00,0.00,0,0,0,0,0,0,0,False,,,,0.0,0.0,0.0,0.0,0,0,0,0,Wolves (Home)
Phillips,MID,Man City,5.0,0.2,0.0,a,0,0,0,0,0,0,0,0.46,0.45,0.91,27.21,0,0,0,0,0,0,0,False,,,,0.0,0.0,0.0,0.0,0,0,0,0,Wolves (Home)
Haaland,FWD,Man City,14.0,16.8,0.0,a,0,0,0,0,0,22,3,2.04,21.90,23.94,41.27,0,0,0,0,0,0,0,False,,,,0.0,0.0,0.0,0.0,0,0,0,0,Wolves (Home)
Bayindir,GKP,Man Utd,5.0,1.5,0.0,a,0,0,0,0,0,0,0,0.00,0.00,0.00,6.93,0,0,0,0,0,0,0,False,,,,0.0,0.0,0.0,0.0,0,0,0,0,Arsenal (Away)
Onana,GKP,Man Utd,5.0,0.1,0.0,d,0,0,0,0,0,0,0,0.20,0.00,0.20,47.79,0,0,0,0,0,0,0,False,,,,0.0,0.0,0.0,0.0,0,0,0,0,Arsenal (Away)
Harrison,GKP,Man Utd,4.0,0.3,0.0,a,0,0,0,0,0,0,0,0.00,0.00,0.00,0.00,0,0,0,0,0,0,0,False,,,,0.0,0.0,0.0,0.0,0,0,0,0,Arsenal (Away)
Heaton,GKP,Man Utd,4.0,0.6,0.0,a,0,0,0,0,0,0,0,0.00,0.00,0.00,0.00,0,0,0,0,0,0,0,False,,,,0.0,0.0,0.0,0.0,0,0,0,0,Arsenal (Away)
Mee,GKP,Man Utd,4.0,0.3,0.0,a,0,0,0,0,0,0,0,0.00,0.00,0.00,0.00,0,0,0,0,0,0,0,False,,,,0.0,0.0,0.0,0.0,0,0,0,0,Arsenal (Away)
De Ligt,DEF,Man Utd,5.0,0.6,0.0,a,0,0,0,0,0,2,0,0.25,2.48,2.73,38.53,0,0,0,0,0,0,0,False,,,,0.0,0.0,0.0,0.0,0,0,0,0,Arsenal (Away)
Martinez,DEF,Man Utd,5.0,0.4,0.0,a,0,0,0,0,0,2,1,1.21,1.33,2.54,30.17,0,0,0,0,0,0,0,False,,,,0.0,0.0,0.0,0.0,0,0,0,0,Arsenal (Away)
Mazraoui,DEF,Man Utd,5.0,0.8,0.0,a,0,0,0,0,0,0,1,1.87,0.69,2.56,46.26,0,0,0,0,0,0,0,False,,,,0.0,0.0,0.0,0.0,0,0,0,0,Arsenal (Away)
D.Leon,DEF,Man Utd,4.5,0.3,0.0,a,0,0,0,0,0,0,0,0.00,0.00,0.00,0.00,0,0,0,0,0,0,0,False,,,,0.0,0.0,0.0,0.0,0,0,0,0,Arsenal (Away)
Dalot,DEF,Man Utd,4.5,2.8,0.0,a,0,0,0,0,0,0,4,2.35,1.96,4.31,46.95,0,0,0,0,0,0,0,False,,,,0.0,0.0,0.0,0.0,0,0,0,0,Arsenal (Away)
Dorgu,DEF,Man Utd,4.5,2.2,0.0,a,0,0,0,0,0,0,0,1.27,0.43,1.70,10.26,0,0,0,0,0,0,0,False,,,,0.0,0.0,0.0,0.0,0,0,0,0,Arsenal (Away)
Maguire,DEF,Man Utd,4.5,0.6,0.0,a,0,0,0,0,0,1,0,0.25,1.82,2.07,26.83,0,0,0,0,0,0,0,False,,,,0.0,0.0,0.0,0.0,0,0,0,0,Arsenal (Away)
Shaw,DEF,Man Utd,4.5,0.3,0.0,a,0,0,0,0,0,0,0,0.77,0.03,0.80,3.81,0,0,0,0,0,0,0,False,,,,0.0,0.0,0.0,0.0,0,0,0,0,Arsenal (Away)
Yoro,DEF,Man Utd,4.5,0.9,0.0,a,0,0,0,0,0,0,0,0.15,0.70,0.85,19.35,0,0,0,0,0,0,0,False,,,,0.0,0.0,0.0,0.0,0,0,0,0,Arsenal (Away)
Amass,DEF,Man Utd,4.0,0.8,0.0,a,0,0,0,0,0,0,0,0.07,0.07,0.14,6.30,0,0,0,0,0,0,0,False,,,,0.0,0.0,0.0,0.0,0,0,0,0,Arsenal (Away)
Fredricson,DEF,Man Utd,4.0,0.6,0.0,a,0,0,0,0,0,0,0,0.02,0.00,0.02,2.94,0,0,0,0,0,0,0,False,,,,0.0,0.0,0.0,0.0,0,0,0,0,Arsenal (Away)
Heaven,DEF,Man Utd,4.0,3.2,0.0,a,0,0,0,0,0,0,0,0.01,0.12,0.13,1.69,0,0,0,0,0,0,0,False,,,,0.0,0.0,0.0,0.0,0,0,0,0,Arsenal (Away)
Malacia,DEF,Man Utd,4.0,0.8,0.0,a,0,0,0,0,0,0,0,0.02,0.00,0.02,0.78,0,0,0,0,0,0,0,False,,,,0.0,0.0,0.0,0.0,0,0,0,0,Arsenal (Away)
B.Fernandes,MID,Man Utd,9.0,8.2,0.0,a,0,0,0,0,0,8,12,7.89,9.93,17.82,45.85,0,0,0,0,0,0,0,False,,,,0.0,0.0,0.0,0.0,0,0,0,0,Arsenal (Away)
Cunha,MID,Man Utd,8.0,15.8,0.0,a,0,0,0,0,0,15,7,5.29,8.73,14.02,44.53,0,0,0,0,0,0,0,False,,,,0.0,0.0,0.0,0.0,0,0,0,0,Arsenal (Away)
Rashford,MID,Man Utd,7.0,7.0,0.0,a,0,0,0,0,0,6,4,3.43,4.67,8.10,21.68,0,0,0,0,0,0,0,False,,,,0.0,0.0,0.0,0.0,0,0,0,0,Arsenal (Away)
Amad,MID,Man Utd,6.5,3.4,0.0,a,0,0,0,0,0,8,8,3.98,4.71,8.69,31.71,0,0,0,0,0,0,0,False,,,,0.0,0.0,0.0,0.0,0,0,0,0,Arsenal (Away)
Garnacho,MID,Man Utd,6.5,0.1,0.0,a,0,0,0,0,0,6,4,2.76,7.40,10.16,35.43,0,0,0,0,0,0,0,False,,,,0.0,0.0,0.0,0.0,0,0,0,0,Arsenal (Away)
Antony,MID,Man Utd,6.0,0.2,0.0,a,0,0,0,0,0,0,0,0.21,0.60,0.81,2.05,0,0,0,0,0,0,0,False,,,,0.0,0.0,0.0,0.0,0,0,0,0,Arsenal (Away)
Mount,MID,Man Utd,6.0,0.2,0.0,a,0,0,0,0,0,1,0,0.57,3.37,3.94,8.24,0,0,0,0,0,0,0,False,,,,0.0,0.0,0.0,0.0,0,0,0,0,Arsenal (Away)
Sancho,MID,Man Utd,6.0,0.1,0.0,a,0,0,0,0,0,3,5,3.10,2.13,5.23,23.66,0,0,0,0,0,0,0,False,,,,0.0,0.0,0.0,0.0,0,0,0,0,Arsenal (Away)
Casemiro,MID,Man Utd,5.5,0.2,0.0,a,0,0,0,0,0,1,0,1.99,1.80,3.79,24.00,0,0,0,0,0,0,0,False,,,,0.0,0.0,0.0,0.0,0,0,0,0,Arsenal (Away)
Mainoo,MID,Man Utd,5.0,0.7,0.0,a,0,0,0,0,0,0,0,1.78,0.84,2.62,25.23,0,0,0,0,0,0,0,False,,,,0.0,0.0,0.0,0.0,0,0,0,0,Arsenal (Away)
Ugarte,MID,Man Utd,5.0,0.3,0.0,a,0,0,0,0,0,1,2,0.67,1.00,1.67,29.54,0,0,0,0,0,0,0,False,,,,0.0,0.0,0.0,0.0,0,0,0,0,Arsenal (Away)
Collyer,MID,Man Utd,4.5,0.3,0.0,a,0,0,0,0,0,0,0,0.37,0.08,0.45,3.09,0,0,0,0,0,0,0,False,,,,0.0,0.0,0.0,0.0,0,0,0,0,Arsenal (Away)
Fitzgerald,MID,Man Utd,4.5,0.1,0.0,a,0,0,0,0,0,0,0,0.00,0.00,0.00,0.00,0,0,0,0,0,0,0,False,,,,0.0,0.0,0.0,0.0,0,0,0,0,Arsenal (Away)
J.Fletcher,MID,Man Utd,4.5,0.1,0.0,a,0,0,0,0,0,0,0,0.00,0.00,0.00,0.00,0,0,0,0,0,0,0,False,,,,0.0,0.0,0.0,0.0,0,0,0,0,Arsenal (Away)
Kone,MID,Man Utd,4.5,0.2,0.0,a,0,0,0,0,0,0,0,0.00,0.00,0.00,0.00,0,0,0,0,0,0,0,False,,,,0.0,0.0,0.0,0.0,0,0,0,0,Arsenal (Away)
Moorhouse,MID,Man Utd,4.5,0.1,0.0,a,0,0,0,0,0,0,0,0.00,0.00,0.00,0.00,0,0,0,0,0,0,0,False,,,,0.0,0.0,0.0,0.0,0,0,0,0,Arsenal (Away)
Højlund,FWD,Man Utd,6.5,1.4,0.0,a,0,0,0,0,0,4,1,1.14,5.10,6.24,30.44,0,0,0,0,0,0,0,False,,,,0.0,0.0,0.0,0.0,0,0,0,0,Arsenal (Away)
Zirkzee,FWD,Man Utd,6.0,1.9,0.0,a,0,0,0,0,0,3,2,1.04,4.64,5.68,24.84,0,0,0,0,0,0,0,False,,,,0.0,0.0,0.0,0.0,0,0,0,0,Arsenal (Away)
Obi,FWD,Man Utd,4.5,4.2,0.0,a,0,0,0,0,0,0,0,0.03,0.66,0.69,3.70,0,0,0,0,0,0,0,False,,,,0.0,0.0,0.0,0.0,0,0,0,0,Arsenal (Away)
Wheatley,FWD,Man Utd,4.5,0.6,0.0,a,0,0,0,0,0,0,0,0.00,0.00,0.00,0.00,0,0,0,0,0,0,0,False,,,,0.0,0.0,0.0,0.0,0,0,0,0,Arsenal (Away)
Pope,GKP,Newcastle,5.0,3.7,0.0,a,0,0,0,0,0,0,0,0.00,0.00,0.00,34.94,0,0,0,0,0,0,0,False,,,,0.0,0.0,0.0,0.0,0,0,0,0,Aston Villa (Home)
Dúbravka,GKP,Newcastle,4.0,7.2,0.0,a,0,0,0,0,0,0,0,0.00,0.00,0.00,11.19,0,0,0,0,0,0,0,False,,,,0.0,0.0,0.0,0.0,0,0,0,0,Aston Villa (Home)
Gillespie,GKP,Newcastle,4.0,0.3,0.0,a,0,0,0,0,0,0,0,0.00,0.00,0.00,0.00,0,0,0,0,0,0,0,False,,,,0.0,0.0,0.0,0.0,0,0,0,0,Aston Villa (Home)
Odysseas,GKP,Newcastle,4.0,0.3,0.0,a,0,0,0,0,0,0,0,0.00,0.00,0.00,0.00,0,0,0,0,0,0,0,False,,,,0.0,0.0,0.0,0.0,0,0,0,0,Aston Villa (Home)
Hall,DEF,Newcastle,5.5,3.5,0.0,a,0,0,0,0,0,0,7,3.73,0.43,4.16,29.73,0,0,0,0,0,0,0,False,,,,0.0,0.0,0.0,0.0,0,0,0,0,Aston Villa (Home)
Schär,DEF,Newcastle,5.5,1.2,0.0,a,0,0,0,0,0,4,2,1.01,3.94,4.95,37.26,0,0,0,0,0,0,0,False,,,,0.0,0.0,0.0,0.0,0,0,0,0,Aston Villa (Home)
Botman,DEF,Newcastle,5.0,0.7,0.0,a,0,0,0,0,0,0,0,0.22,0.59,0.81,5.07,0,0,0,0,0,0,0,False,,,,0.0,0.0,0.0,0.0,0,0,0,0,Aston Villa (Home)
Burn,DEF,Newcastle,5.0,2.3,0.0,a,0,0,0,0,0,1,1,1.09,1.97,3.06,45.22,0,0,0,0,0,0,0,False,,,,0.0,0.0,0.0,0.0,0,0,0,0,Aston Villa (Home)
Livramento,DEF,Newcastle,5.0,5.6,0.0,a,0,0,0,0,0,0,1,2.70,0.33,3.03,37.83,0,0,0,0,0,0,0,False,,,,0.0,0.0,0.0,0.0,0,0,0,0,Aston Villa (Home)
Trippier,DEF,Newcastle,5.0,0.8,0.0,a,0,0,0,0,0,0,3,1.44,0.12,1.56,17.05,0,0,0,0,0,0,0,False,,,,0.0,0.0,0.0,0.0,0,0,0,0,Aston Villa (Home)
Krafth,DEF,Newcastle,4.5,0.2,0.0,a,0,0,0,0,0,0,0,0.04,0.04,0.08,6.50,0,0,0,0,0,0,0,False,,,,0.0,0.0,0.0,0.0,0,0,0,0,Aston Villa (Home)
Lascelles,DEF,Newcastle,4.5,0.2,0.0,a,0,0,0,0,0,0,0,0.00,0.00,0.00,0.00,0,0,0,0,0,0,0,False,,,,0.0,0.0,0.0,0.0,0,0,0,0,Aston Villa (Home)
A.Murphy,DEF,Newcastle,4.0,0.9,0.0,a,0,0,0,0,0,0,0,0.00,0.00,0.00,0.00,0,0,0,0,0,0,0,False,,,,0.0,0.0,0.0,0.0,0,0,0,0,Aston Villa (Home)
Ashby,DEF,Newcastle,4.0,0.6,0.0,a,0,0,0,0,0,0,0,0.00,0.00,0.00,0.00,0,0,0,0,0,0,0,False,,,,0.0,0.0,0.0,0.0,0,0,0,0,Aston Villa (Home)
Pivas,DEF,Newcastle,4.0,0.6,0.0,a,0,0,0,0,0,0,0,0.00,0.00,0.00,0.00,0,0,0,0,0,0,0,False,,,,0.0,0.0,0.0,0.0,0,0,0,0,Aston Villa (Home)
Targett,DEF,Newcastle,4.0,0.9,0.0,a,0,0,0,0,0,0,0,0.07,0.00,0.07,0.26,0,0,0,0,0,0,0,False,,,,0.0,0.0,0.0,0.0,0,0,0,0,Aston Villa (Home)
Gordon,MID,Newcastle,7.5,2.9,0.0,a,0,0,0,0,0,6,6,4.80,8.19,12.99,32.62,0,0,0,0,0,0,0,False,,,,0.0,0.0,0.0,0.0,0,0,0,0,Aston Villa (Home)
Elanga,MID,Newcastle,7.0,15.3,0.0,a,0,0,0,0,0,6,11,5.12,4.81,9.93,38.74,0,0,0,0,0,0,0,False,,,,0.0,0.0,0.0,0.0,0,0,0,0,Aston Villa (Home)
Barnes,MID,Newcastle,6.5,0.5,0.0,a,0,0,0,0,0,9,5,4.40,6.45,10.85,24.32,0,0,0,0,0,0,0,False,,,,0.0,0.0,0.0,0.0,0,0,0,0,Aston Villa (Home)
Bruno G.,MID,Newcastle,6.5,0.7,0.0,a,0,0,0,0,0,5,6,5.32,4.34,9.66,43.41,0,0,0,0,0,0,0,False,,,,0.0,0.0,0.0,0.0,0,0,0,0,Aston Villa (Home)
J.Murphy,MID,Newcastle,6.5,2.3,0.0,a,0,0,0,0,0,8,13,6.14,5.89,12.03,28.19,0,0,0,0,0,0,0,False,,,,0.0,0.0,0.0,0.0,0,0,0,0,Aston Villa (Home)
Joelinton,MID,Newcastle,6.0,0.3,0.0,a,0,0,0,0,0,4,4,2.17,3.74,5.91,31.79,0,0,0,0,0,0,0,False,,,,0.0,0.0,0.0,0.0,0,0,0,0,Aston Villa (Home)
Tonali,MID,Newcastle,5.5,1.5,0.0,a,0,0,0,0,0,4,2,2.77,4.46,7.23,33.18,0,0,0,0,0,0,0,False,,,,0.0,0.0,0.0,0.0,0,0,0,0,Aston Villa (Home)
Antoñito C.,MID,Newcastle,5.0,0.2,0.0,a,0,0,0,0,0,0,0,0.00,0.00,0.00,0.00,0,0,0,0,0,0,0,False,,,,0.0,0.0,0.0,0.0,0,0,0,0,Aston Villa (Home)
Longstaff,MID,Newcastle,5.0,0.4,0.0,a,0,0,0,0,0,0,1,0.22,0.60,0.82,11.32,0,0,0,0,0,0,0,False,,,,0.0,0.0,0.0,0.0,0,0,0,0,Aston Villa (Home)
Willock,MID,Newcastle,5.0,0.3,0.0,a,0,0,0,0,0,0,2,0.93,1.65,2.58,15.01,0,0,0,0,0,0,0,False,,,,0.0,0.0,0.0,0.0,0,0,0,0,Aston Villa (Home)
Hayden,MID,Newcastle,4.5,0.2,0.0,a,0,0,0,0,0,0,0,0.00,0.00,0.00,0.00,0,0,0,0,0,0,0,False,,,,0.0,0.0,0.0,0.0,0,0,0,0,Aston Villa (Home)
Kuol,MID,Newcastle,4.5,0.1,0.0,a,0,0,0,0,0,0,0,0.00,0.00,0.00,0.00,0,0,0,0,0,0,0,False,,,,0.0,0.0,0.0,0.0,0,0,0,0,Aston Villa (Home)
L.Miley,MID,Newcastle,4.5,2.2,0.0,a,0,0,0,0,0,1,0,0.30,0.57,0.87,5.68,0,0,0,0,0,0,0,False,,,,0.0,0.0,0.0,0.0,0,0,0,0,Aston Villa (Home)
White,MID,Newcastle,4.5,0.2,0.0,a,0,0,0,0,0,0,0,0.00,0.00,0.00,0.00,0,0,0,0,0,0,0,False,,,,0.0,0.0,0.0,0.0,0,0,0,0,Aston Villa (Home)
Isak,FWD,Newcastle,10.5,32.1,0.0,a,0,0,0,0,0,23,6,3.59,20.33,23.92,36.85,0,0,0,0,0,0,0,False,,,,0.0,0.0,0.0,0.0,0,0,0,0,Aston Villa (Home)
Osula,FWD,Newcastle,5.5,0.1,0.0,a,0,0,0,0,0,1,0,0.05,0.16,0.21,3.18,0,0,0,0,0,0,0,False,,,,0.0,0.0,0.0,0.0,0,0,0,0,Aston Villa (Home)
Neave,FWD,Newcastle,4.5,0.6,0.0,a,0,0,0,0,0,0,0,0.00,0.00,0.00,0.00,0,0,0,0,0,0,0,False,,,,0.0,0.0,0.0,0.0,0,0,0,0,Aston Villa (Home)
Sels,GKP,Nott'm Forest,5.0,13.3,0.0,a,0,0,0,0,0,0,1,0.26,0.00,0.26,50.17,0,0,0,0,0,0,0,False,,,,0.0,0.0,0.0,0.0,0,0,0,0,Brentford (Away)
C.Miguel,GKP,Nott'm Forest,4.0,0.6,0.0,a,0,0,0,0,0,0,0,0.00,0.00,0.00,0.00,0,0,0,0,0,0,0,False,,,,0.0,0.0,0.0,0.0,0,0,0,0,Brentford (Away)
Turner,GKP,Nott'm Forest,4.0,1.7,0.0,a,0,0,0,0,0,0,0,0.00,0.00,0.00,0.00,0,0,0,0,0,0,0,False,,,,0.0,0.0,0.0,0.0,0,0,0,0,Brentford (Away)
Milenković,DEF,Nott'm Forest,5.5,5.7,0.0,a,0,0,0,0,0,5,2,0.73,4.05,4.78,48.95,0,0,0,0,0,0,0,False,,,,0.0,0.0,0.0,0.0,0,0,0,0,Brentford (Away)
Murillo,DEF,Nott'm Forest,5.5,2.2,0.0,a,0,0,0,0,0,2,0,1.15,1.47,2.62,47.42,0,0,0,0,0,0,0,False,,,,0.0,0.0,0.0,0.0,0,0,0,0,Brentford (Away)
Aina,DEF,Nott'm Forest,5.0,10.6,0.0,a,0,0,0,0,0,2,1,2.25,0.63,2.88,40.59,0,0,0,0,0,0,0,False,,,,0.0,0.0,0.0,0.0,0,0,0,0,Brentford (Away)
N.Williams,DEF,Nott'm Forest,5.0,1.6,0.0,a,0,0,0,0,0,1,3,1.54,2.29,3.83,38.50,0,0,0,0,0,0,0,False,,,,0.0,0.0,0.0,0.0,0,0,0,0,Brentford (Away)
David Carmo,DEF,Nott'm Forest,4.5,0.2,0.0,a,0,0,0,0,0,0,0,0.00,0.00,0.00,0.00,0,0,0,0,0,0,0,False,,,,0.0,0.0,0.0,0.0,0,0,0,0,Brentford (Away)
Jair Cunha,DEF,Nott'm Forest,4.5,0.2,0.0,a,0,0,0,0,0,0,0,0.00,0.00,0.00,0.00,0,0,0,0,0,0,0,False,,,,0.0,0.0,0.0,0.0,0,0,0,0,Brentford (Away)
Morato,DEF,Nott'm Forest,4.5,0.2,0.0,a,0,0,0,0,0,0,0,0.03,0.18,0.21,14.21,0,0,0,0,0,0,0,False,,,,0.0,0.0,0.0,0.0,0,0,0,0,Brentford (Away)
O.Richards,DEF,Nott'm Forest,4.5,0.2,0.0,a,0,0,0,0,0,0,0,0.00,0.00,0.00,0.00,0,0,0,0,0,0,0,False,,,,0.0,0.0,0.0,0.0,0,0,0,0,Brentford (Away)
Abbott,DEF,Nott'm Forest,4.0,0.7,0.0,a,0,0,0,0,0,0,0,0.00,0.00,0.00,0.00,0,0,0,0,0,0,0,False,,,,0.0,0.0,0.0,0.0,0,0,0,0,Brentford (Away)
Boly,DEF,Nott'm Forest,4.0,1.1,0.0,a,0,0,0,0,0,0,0,0.00,0.07,0.07,2.68,0,0,0,0,0,0,0,False,,,,0.0,0.0,0.0,0.0,0,0,0,0,Brentford (Away)
Gibbs-White,MID,Nott'm Forest,7.5,3.5,0.0,a,0,0,0,0,0,7,11,4.68,6.31,10.99,41.21,0,0,0,0,0,0,0,False,,,,0.0,0.0,0.0,0.0,0,0,0,0,Brentford (Away)
Hudson-Odoi,MID,Nott'm Forest,6.0,2.3,0.0,a,0,0,0,0,0,5,3,2.54,2.52,5.06,27.79,0,0,0,0,0,0,0,False,,,,0.0,0.0,0.0,0.0,0,0,0,0,Brentford (Away)
Anderson,MID,Nott'm Forest,5.5,0.9,0.0,a,0,0,0,0,0,2,6,3.51,2.04,5.55,40.36,0,0,0,0,0,0,0,False,,,,0.0,0.0,0.0,0.0,0,0,0,0,Brentford (Away)
Jota,MID,Nott'm Forest,5.5,0.1,0.0,a,0,0,0,0,0,3,2,1.87,2.13,4.00,12.56,0,0,0,0,0,0,0,False,,,,0.0,0.0,0.0,0.0,0,0,0,0,Brentford (Away)
Dominguez,MID,Nott'm Forest,5.0,0.0,0.0,i,0,0,0,0,0,0,1,1.58,1.58,3.16,31.90,0,0,0,0,0,0,0,False,,,,0.0,0.0,0.0,0.0,0,0,0,0,Brentford (Away)
O'Brien,MID,Nott'm Forest,5.0,0.2,0.0,a,0,0,0,0,0,0,0,0.00,0.00,0.00,0.00,0,0,0,0,0,0,0,False,,,,0.0,0.0,0.0,0.0,0,0,0,0,Brentford (Away)
Sangaré,MID,Nott'm Forest,5.0,0.2,0.0,a,0,0,0,0,0,0,1,0.21,0.02,0.23,8.41,0,0,0,0,0,0,0,False,,,,0.0,0.0,0.0,0.0,0,0,0,0,Brentford (Away)
Yates,MID,Nott'm Forest,5.0,0.3,0.0,a,0,0,0,0,0,2,2,0.47,2.41,2.88,27.84,0,0,0,0,0,0,0,False,,,,0.0,0.0,0.0,0.0,0,0,0,0,Brentford (Away)
Da Silva Moreira,MID,Nott'm Forest,4.5,0.3,0.0,a,0,0,0,0,0,0,0,0.00,0.00,0.00,0.31,0,0,0,0,0,0,0,False,,,,0.0,0.0,0.0,0.0,0,0,0,0,Brentford (Away)
Stamenic,MID,Nott'm Forest,4.5,0.2,0.0,a,0,0,0,0,0,0,0,0.00,0.00,0.00,0.00,0,0,0,0,0,0,0,False,,,,0.0,0.0,0.0,0.0,0,0,0,0,Brentford (Away)
Wood,FWD,Nott'm Forest,7.5,14.6,0.0,a,0,0,0,0,0,20,3,1.59,13.42,15.01,40.64,0,0,0,0,0,0,0,False,,,,0.0,0.0,0.0,0.0,0,0,0,0,Brentford (Away)
Igor Jesus,FWD,Nott'm Forest,6.0,2.4,0.0,a,0,0,0,0,0,0,0,0.00,0.00,0.00,0.00,0,0,0,0,0,0,0,False,,,,0.0,0.0,0.0,0.0,0,0,0,0,Brentford (Away)
Awoniyi,FWD,Nott'm Forest,5.5,0.5,0.0,a,0,0,0,0,0,1,0,0.12,2.15,2.27,6.65,0,0,0,0,0,0,0,False,,,,0.0,0.0,0.0,0.0,0,0,0,0,Brentford (Away)
Patterson,GKP,Sunderland,4.5,1.1,0.0,a,0,0,0,0,0,0,0,0.00,0.00,0.00,0.00,0,0,0,0,0,0,0,False,,,,0.0,0.0,0.0,0.0,0,0,0,0,West Ham (Away)
Moore,GKP,Sunderland,4.0,1.0,0.0,a,0,0,0,0,0,0,0,0.00,0.00,0.00,0.00,0,0,0,0,0,0,0,False,,,,0.0,0.0,0.0,0.0,0,0,0,0,West Ham (Away)
Nna Noukeu,GKP,Sunderland,4.0,0.6,0.0,a,0,0,0,0,0,0,0,0.00,0.00,0.00,0.00,0,0,0,0,0,0,0,False,,,,0.0,0.0,0.0,0.0,0,0,0,0,West Ham (Away)
Ballard,DEF,Sunderland,4.5,0.5,0.0,a,0,0,0,0,0,0,0,0.00,0.00,0.00,0.00,0,0,0,0,0,0,0,False,,,,0.0,0.0,0.0,0.0,0,0,0,0,West Ham (Away)
Hume,DEF,Sunderland,4.5,0.6,0.0,a,0,0,0,0,0,0,0,0.00,0.00,0.00,0.00,0,0,0,0,0,0,0,False,,,,0.0,0.0,0.0,0.0,0,0,0,0,West Ham (Away)
Alese,DEF,Sunderland,4.0,0.0,0.0,i,0,0,0,0,0,0,0,0.00,0.00,0.00,0.00,0,0,0,0,0,0,0,False,,,,0.0,0.0,0.0,0.0,0,0,0,0,West Ham (Away)
Anderson,DEF,Sunderland,4.0,1.1,0.0,a,0,0,0,0,0,0,0,0.00,0.00,0.00,0.00,0,0,0,0,0,0,0,False,,,,0.0,0.0,0.0,0.0,0,0,0,0,West Ham (Away)
Cirkin,DEF,Sunderland,4.0,0.2,0.0,i,0,0,0,0,0,0,0,0.00,0.00,0.00,0.00,0,0,0,0,0,0,0,False,,,,0.0,0.0,0.0,0.0,0,0,0,0,West Ham (Away)
Hjelde,DEF,Sunderland,4.0,0.0,0.0,i,0,0,0,0,0,0,0,0.00,0.00,0.00,0.00,0,0,0,0,0,0,0,False,,,,0.0,0.0,0.0,0.0,0,0,0,0,West Ham (Away)
Huggins,DEF,Sunderland,4.0,0.7,0.0,a,0,0,0,0,0,0,0,0.00,0.00,0.00,0.00,0,0,0,0,0,0,0,False,,,,0.0,0.0,0.0,0.0,0,0,0,0,West Ham (Away)
Johnson,DEF,Sunderland,4.0,0.8,0.0,a,0,0,0,0,0,0,0,0.00,0.00,0.00,0.00,0,0,0,0,0,0,0,False,,,,0.0,0.0,0.0,0.0,0,0,0,0,West Ham (Away)
O'Nien,DEF,Sunderland,4.0,0.1,0.0,i,0,0,0,0,0,0,0,0.00,0.00,0.00,0.00,0,0,0,0,0,0,0,False,,,,0.0,0.0,0.0,0.0,0,0,0,0,West Ham (Away)
Pembele,DEF,Sunderland,4.0,0.7,0.0,a,0,0,0,0,0,0,0,0.00,0.00,0.00,0.00,0,0,0,0,0,0,0,False,,,,0.0,0.0,0.0,0.0,0,0,0,0,West Ham (Away)
Reinildo,DEF,Sunderland,4.0,4.0,0.0,a,0,0,0,0,0,0,0,0.00,0.00,0.00,0.00,0,0,0,0,0,0,0,False,,,,0.0,0.0,0.0,0.0,0,0,0,0,West Ham (Away)
Seelt,DEF,Sunderland,4.0,0.8,0.0,a,0,0,0,0,0,0,0,0.00,0.00,0.00,0.00,0,0,0,0,0,0,0,False,,,,0.0,0.0,0.0,0.0,0,0,0,0,West Ham (Away)
Adingra,MID,Sunderland,5.5,2.9,0.0,a,0,0,0,0,0,2,3,2.73,2.47,5.20,18.94,0,0,0,0,0,0,0,False,,,,0.0,0.0,0.0,0.0,0,0,0,0,West Ham (Away)
Diarra,MID,Sunderland,5.5,0.3,0.0,a,0,0,0,0,0,0,0,0.00,0.00,0.00,0.00,0,0,0,0,0,0,0,False,,,,0.0,0.0,0.0,0.0,0,0,0,0,West Ham (Away)
Roberts,MID,Sunderland,5.5,0.1,0.0,a,0,0,0,0,0,0,0,0.00,0.00,0.00,0.00,0,0,0,0,0,0,0,False,,,,0.0,0.0,0.0,0.0,0,0,0,0,West Ham (Away)
Aleksić,MID,Sunderland,5.0,0.2,0.0,a,0,0,0,0,0,0,0,0.00,0.00,0.00,0.00,0,0,0,0,0,0,0,False,,,,0.0,0.0,0.0,0.0,0,0,0,0,West Ham (Away)
E.Le Fée,MID,Sunderland,5.0,1.8,0.0,a,0,0,0,0,0,0,0,0.00,0.00,0.00,0.00,0,0,0,0,0,0,0,False,,,,0.0,0.0,0.0,0.0,0,0,0,0,West Ham (Away)
Mundle,MID,Sunderland,5.0,0.2,0.0,a,0,0,0,0,0,0,0,0.00,0.00,0.00,0.00,0,0,0,0,0,0,0,False,,,,0.0,0.0,0.0,0.0,0,0,0,0,West Ham (Away)
Neil,MID,Sunderland,5.0,0.2,0.0,a,0,0,0,0,0,0,0,0.00,0.00,0.00,0.00,0,0,0,0,0,0,0,False,,,,0.0,0.0,0.0,0.0,0,0,0,0,West Ham (Away)
Poveda,MID,Sunderland,5.0,0.2,0.0,a,0,0,0,0,0,0,0,0.00,0.00,0.00,0.00,0,0,0,0,0,0,0,False,,,,0.0,0.0,0.0,0.0,0,0,0,0,West Ham (Away)
Rigg,MID,Sunderland,5.0,0.3,0.0,a,0,0,0,0,0,0,0,0.00,0.00,0.00,0.00,0,0,0,0,0,0,0,False,,,,0.0,0.0,0.0,0.0,0,0,0,0,West Ham (Away)
Sadiki,MID,Sunderland,5.0,0.2,0.0,a,0,0,0,0,0,0,0,0.00,0.00,0.00,0.00,0,0,0,0,0,0,0,False,,,,0.0,0.0,0.0,0.0,0,0,0,0,West Ham (Away)
Talbi,MID,Sunderland,5.0,0.4,0.0,a,0,0,0,0,0,0,0,0.00,0.00,0.00,0.00,0,0,0,0,0,0,0,False,,,,0.0,0.0,0.0,0.0,0,0,0,0,West Ham (Away)
Ba,MID,Sunderland,4.5,0.4,0.0,a,0,0,0,0,0,0,0,0.00,0.00,0.00,0.00,0,0,0,0,0,0,0,False,,,,0.0,0.0,0.0,0.0,0,0,0,0,West Ham (Away)
Browne,MID,Sunderland,4.5,0.2,0.0,a,0,0,0,0,0,0,0,0.00,0.00,0.00,0.00,0,0,0,0,0,0,0,False,,,,0.0,0.0,0.0,0.0,0,0,0,0,West Ham (Away)
Ekwah,MID,Sunderland,4.5,0.2,0.0,a,0,0,0,0,0,0,0,0.00,0.00,0.00,0.00,0,0,0,0,0,0,0,False,,,,0.0,0.0,0.0,0.0,0,0,0,0,West Ham (Away)
H.Jones,MID,Sunderland,4.5,0.1,0.0,a,0,0,0,0,0,0,0,0.00,0.00,0.00,0.00,0,0,0,0,0,0,0,False,,,,0.0,0.0,0.0,0.0,0,0,0,0,West Ham (Away)
Matete,MID,Sunderland,4.5,0.3,0.0,a,0,0,0,0,0,0,0,0.00,0.00,0.00,0.00,0,0,0,0,0,0,0,False,,,,0.0,0.0,0.0,0.0,0,0,0,0,West Ham (Away)
Triantis,MID,Sunderland,4.5,0.2,0.0,a,0,0,0,0,0,0,0,0.00,0.00,0.00,0.00,0,0,0,0,0,0,0,False,,,,0.0,0.0,0.0,0.0,0,0,0,0,West Ham (Away)
Isidor,FWD,Sunderland,5.5,0.6,0.0,a,0,0,0,0,0,0,0,0.00,0.00,0.00,0.00,0,0,0,0,0,0,0,False,,,,0.0,0.0,0.0,0.0,0,0,0,0,West Ham (Away)
Mayenda,FWD,Sunderland,5.5,0.9,0.0,a,0,0,0,0,0,0,0,0.00,0.00,0.00,0.00,0,0,0,0,0,0,0,False,,,,0.0,0.0,0.0,0.0,0,0,0,0,West Ham (Away)
Abdullahi,FWD,Sunderland,4.5,1.9,0.0,a,0,0,0,0,0,0,0,0.00,0.00,0.00,0.00,0,0,0,0,0,0,0,False,,,,0.0,0.0,0.0,0.0,0,0,0,0,West Ham (Away)
Luís Hemir,FWD,Sunderland,4.5,0.7,0.0,a,0,0,0,0,0,0,0,0.00,0.00,0.00,0.00,0,0,0,0,0,0,0,False,,,,0.0,0.0,0.0,0.0,0,0,0,0,West Ham (Away)
Rusyn,FWD,Sunderland,4.5,0.8,0.0,a,0,0,0,0,0,0,0,0.00,0.00,0.00,0.00,0,0,0,0,0,0,0,False,,,,0.0,0.0,0.0,0.0,0,0,0,0,West Ham (Away)
Vicario,GKP,Spurs,5.0,4.4,0.0,a,0,0,0,0,0,0,0,0.00,0.00,0.00,33.60,0,0,0,0,0,0,0,False,,,,0.0,0.0,0.0,0.0,0,0,0,0,Burnley (Away)
Austin,GKP,Spurs,4.0,0.5,0.0,a,0,0,0,0,0,0,0,0.00,0.00,0.00,2.53,0,0,0,0,0,0,0,False,,,,0.0,0.0,0.0,0.0,0,0,0,0,Burnley (Away)
Kinsky,GKP,Spurs,4.0,2.5,0.0,a,0,0,0,0,0,0,0,0.01,0.00,0.01,11.80,0,0,0,0,0,0,0,False,,,,0.0,0.0,0.0,0.0,0,0,0,0,Burnley (Away)
Pedro Porro,DEF,Spurs,5.5,7.7,0.0,a,0,0,0,0,0,2,6,4.71,1.63,6.34,49.37,0,0,0,0,0,0,0,False,,,,0.0,0.0,0.0,0.0,0,0,0,0,Burnley (Away)
Romero,DEF,Spurs,5.0,1.3,0.0,a,0,0,0,0,0,1,1,0.81,1.52,2.33,19.31,0,0,0,0,0,0,0,False,,,,0.0,0.0,0.0,0.0,0,0,0,0,Burnley (Away)
Danso,DEF,Spurs,4.5,0.3,0.0,a,0,0,0,0,0,0,0,0.12,0.40,0.52,17.19,0,0,0,0,0,0,0,False,,,,0.0,0.0,0.0,0.0,0,0,0,0,Burnley (Away)
Davies,DEF,Spurs,4.5,0.2,0.0,a,0,0,0,0,0,0,0,0.50,0.27,0.77,25.79,0,0,0,0,0,0,0,False,,,,0.0,0.0,0.0,0.0,0,0,0,0,Burnley (Away)
Dragusin,DEF,Spurs,4.5,0.0,0.0,i,0,0,0,0,0,0,0,0.16,0.13,0.29,28.59,0,0,0,0,0,0,0,False,,,,0.0,0.0,0.0,0.0,0,0,0,0,Burnley (Away)
Spence,DEF,Spurs,4.5,0.6,0.0,a,0,0,0,0,0,1,2,1.41,0.58,1.99,34.79,0,0,0,0,0,0,0,False,,,,0.0,0.0,0.0,0.0,0,0,0,0,Burnley (Away)
Udogie,DEF,Spurs,4.5,6.5,0.0,a,0,0,0,0,0,0,1,1.22,0.31,1.53,33.28,0,0,0,0,0,0,0,False,,,,0.0,0.0,0.0,0.0,0,0,0,0,Burnley (Away)
Van de Ven,DEF,Spurs,4.5,6.2,0.0,a,0,0,0,0,0,0,2,0.70,0.54,1.24,13.28,0,0,0,0,0,0,0,False,,,,0.0,0.0,0.0,0.0,0,0,0,0,Burnley (Away)
Phillips,DEF,Spurs,4.0,0.9,0.0,a,0,0,0,0,0,0,0,0.00,0.00,0.00,0.00,0,0,0,0,0,0,0,False,,,,0.0,0.0,0.0,0.0,0,0,0,0,Burnley (Away)
Takai,DEF,Spurs,4.0,0.8,0.0,a,0,0,0,0,0,0,0,0.00,0.00,0.00,0.00,0,0,0,0,0,0,0,False,,,,0.0,0.0,0.0,0.0,0,0,0,0,Burnley (Away)
Vuskovic,DEF,Spurs,4.0,2.7,0.0,a,0,0,0,0,0,0,0,0.00,0.00,0.00,0.00,0,0,0,0,0,0,0,False,,,,0.0,0.0,0.0,0.0,0,0,0,0,Burnley (Away)
Son,MID,Spurs,8.5,4.0,0.0,a,0,0,0,0,0,7,10,4.97,7.25,12.22,37.99,0,0,0,0,0,0,0,False,,,,0.0,0.0,0.0,0.0,0,0,0,0,Burnley (Away)
Johnson,MID,Spurs,7.0,9.5,0.0,a,0,0,0,0,0,11,6,1.99,10.75,12.74,38.88,0,0,0,0,0,0,0,False,,,,0.0,0.0,0.0,0.0,0,0,0,0,Burnley (Away)
Maddison,MID,Spurs,7.0,8.8,0.0,a,0,0,0,0,0,9,8,5.92,5.54,11.46,32.39,0,0,0,0,0,0,0,False,,,,0.0,0.0,0.0,0.0,0,0,0,0,Burnley (Away)
Kudus,MID,Spurs,6.5,16.5,0.0,a,0,0,0,0,0,5,4,2.67,6.97,9.64,43.46,0,0,0,0,0,0,0,False,,,,0.0,0.0,0.0,0.0,0,0,0,0,Burnley (Away)
Kulusevski,MID,Spurs,6.5,0.0,0.0,i,0,0,0,0,0,7,4,4.03,4.06,8.09,42.39,0,0,0,0,0,0,0,False,,,,0.0,0.0,0.0,0.0,0,0,0,0,Burnley (Away)
Tel,MID,Spurs,6.5,0.2,0.0,a,0,0,0,0,0,2,2,1.55,2.96,4.51,17.39,0,0,0,0,0,0,0,False,,,,0.0,0.0,0.0,0.0,0,0,0,0,Burnley (Away)
Bentancur,MID,Spurs,5.5,0.1,0.0,a,0,0,0,0,0,2,0,1.02,1.36,2.38,26.87,0,0,0,0,0,0,0,False,,,,0.0,0.0,0.0,0.0,0,0,0,0,Burnley (Away)
Bergvall,MID,Spurs,5.5,0.2,0.0,a,0,0,0,0,0,0,2,0.82,0.71,1.53,24.33,0,0,0,0,0,0,0,False,,,,0.0,0.0,0.0,0.0,0,0,0,0,Burnley (Away)
Bissouma,MID,Spurs,5.5,0.2,0.0,a,0,0,0,0,0,2,0,0.48,0.64,1.12,26.38,0,0,0,0,0,0,0,False,,,,0.0,0.0,0.0,0.0,0,0,0,0,Burnley (Away)
Odobert,MID,Spurs,5.5,0.1,0.0,a,0,0,0,0,0,1,0,0.76,1.63,2.39,16.29,0,0,0,0,0,0,0,False,,,,0.0,0.0,0.0,0.0,0,0,0,0,Burnley (Away)
Solomon,MID,Spurs,5.5,0.1,0.0,a,0,0,0,0,0,0,0,0.00,0.00,0.00,0.00,0,0,0,0,0,0,0,False,,,,0.0,0.0,0.0,0.0,0,0,0,0,Burnley (Away)
Bryan,MID,Spurs,5.0,0.2,0.0,a,0,0,0,0,0,0,0,0.00,0.00,0.00,0.00,0,0,0,0,0,0,0,False,,,,0.0,0.0,0.0,0.0,0,0,0,0,Burnley (Away)
Gray,MID,Spurs,5.0,0.3,0.0,a,0,0,0,0,0,0,0,0.19,0.03,0.22,37.33,0,0,0,0,0,0,0,False,,,,0.0,0.0,0.0,0.0,0,0,0,0,Burnley (Away)
Moore,MID,Spurs,5.0,0.2,0.0,a,0,0,0,0,0,0,2,0.56,0.20,0.76,6.87,0,0,0,0,0,0,0,False,,,,0.0,0.0,0.0,0.0,0,0,0,0,Burnley (Away)
P.M.Sarr,MID,Spurs,5.0,0.9,0.0,a,0,0,0,0,0,3,2,0.78,3.72,4.50,36.38,0,0,0,0,0,0,0,False,,,,0.0,0.0,0.0,0.0,0,0,0,0,Burnley (Away)
Min-hyeok,MID,Spurs,4.5,0.2,0.0,a,0,0,0,0,0,0,0,0.00,0.00,0.00,0.00,0,0,0,0,0,0,0,False,,,,0.0,0.0,0.0,0.0,0,0,0,0,Burnley (Away)
Olusesi,MID,Spurs,4.5,0.2,0.0,a,0,0,0,0,0,0,0,0.00,0.00,0.00,0.00,0,0,0,0,0,0,0,False,,,,0.0,0.0,0.0,0.0,0,0,0,0,Burnley (Away)
Solanke,FWD,Spurs,7.5,16.2,0.0,a,0,0,0,0,0,9,5,1.13,10.89,12.02,40.14,0,0,0,0,0,0,0,False,,,,0.0,0.0,0.0,0.0,0,0,0,0,Burnley (Away)
Richarlison,FWD,Spurs,6.5,1.5,0.0,a,0,0,0,0,0,4,1,0.60,3.71,4.31,7.29,0,0,0,0,0,0,0,False,,,,0.0,0.0,0.0,0.0,0,0,0,0,Burnley (Away)
Lankshear,FWD,Spurs,4.5,0.9,0.0,a,0,0,0,0,0,0,0,0.00,0.00,0.00,0.02,0,0,0,0,0,0,0,False,,,,0.0,0.0,0.0,0.0,0,0,0,0,Burnley (Away)
Scarlett,FWD,Spurs,4.5,1.2,0.0,a,0,0,0,0,0,0,1,0.00,0.04,0.04,0.83,0,0,0,0,0,0,0,False,,,,0.0,0.0,0.0,0.0,0,0,0,0,Burnley (Away)
Areola,GKP,West Ham,4.5,5.3,0.0,a,0,0,0,0,0,0,0,0.00,0.00,0.00,37.78,0,0,0,0,0,0,0,False,,,,0.0,0.0,0.0,0.0,0,0,0,0,Sunderland (Home)
Foderingham,GKP,West Ham,4.0,1.4,0.0,a,0,0,0,0,0,0,0,0.00,0.00,0.00,0.00,0,0,0,0,0,0,0,False,,,,0.0,0.0,0.0,0.0,0,0,0,0,Sunderland (Home)
Hegyi,GKP,West Ham,4.0,0.6,0.0,a,0,0,0,0,0,0,0,0.00,0.00,0.00,0.00,0,0,0,0,0,0,0,False,,,,0.0,0.0,0.0,0.0,0,0,0,0,Sunderland (Home)
Diouf,DEF,West Ham,4.5,0.9,0.0,a,0,0,0,0,0,0,0,0.00,0.00,0.00,0.00,0,0,0,0,0,0,0,False,,,,0.0,0.0,0.0,0.0,0,0,0,0,Sunderland (Home)
Emerson,DEF,West Ham,4.5,0.4,0.0,a,0,0,0,0,0,2,1,2.19,1.95,4.14,37.51,0,0,0,0,0,0,0,False,,,,0.0,0.0,0.0,0.0,0,0,0,0,Sunderland (Home)
Kilman,DEF,West Ham,4.5,0.5,0.0,a,0,0,0,0,0,0,1,1.19,1.55,2.74,59.71,0,0,0,0,0,0,0,False,,,,0.0,0.0,0.0,0.0,0,0,0,0,Sunderland (Home)
Mavropanos,DEF,West Ham,4.5,0.2,0.0,a,0,0,0,0,0,0,0,0.39,1.61,2.00,37.11,0,0,0,0,0,0,0,False,,,,0.0,0.0,0.0,0.0,0,0,0,0,Sunderland (Home)
N.Aguerd,DEF,West Ham,4.5,0.2,0.0,a,0,0,0,0,0,0,0,0.00,0.00,0.00,0.00,0,0,0,0,0,0,0,False,,,,0.0,0.0,0.0,0.0,0,0,0,0,Sunderland (Home)
Scarles,DEF,West Ham,4.5,0.2,0.0,a,0,0,0,0,0,0,0,0.18,0.11,0.29,10.12,0,0,0,0,0,0,0,False,,,,0.0,0.0,0.0,0.0,0,0,0,0,Sunderland (Home)
Todibo,DEF,West Ham,4.5,0.3,0.0,a,0,0,0,0,0,0,0,0.06,0.36,0.42,29.86,0,0,0,0,0,0,0,False,,,,0.0,0.0,0.0,0.0,0,0,0,0,Sunderland (Home)
Wan-Bissaka,DEF,West Ham,4.5,14.6,0.0,a,0,0,0,0,0,2,6,2.75,1.18,3.93,56.95,0,0,0,0,0,0,0,False,,,,0.0,0.0,0.0,0.0,0,0,0,0,Sunderland (Home)
Casey,DEF,West Ham,4.0,1.2,0.0,a,0,0,0,0,0,0,0,0.00,0.00,0.00,0.09,0,0,0,0,0,0,0,False,,,,0.0,0.0,0.0,0.0,0,0,0,0,Sunderland (Home)
L.Paquetá,MID,West Ham,6.0,0.6,0.0,a,0,0,0,0,0,4,1,3.36,5.36,8.72,43.32,0,0,0,0,0,0,0,False,,,,0.0,0.0,0.0,0.0,0,0,0,0,Sunderland (Home)
Souček,MID,West Ham,6.0,0.6,0.0,a,0,0,0,0,0,9,2,1.27,6.60,7.87,44.29,0,0,0,0,0,0,0,False,,,,0.0,0.0,0.0,0.0,0,0,0,0,Sunderland (Home)
Ward-Prowse,MID,West Ham,6.0,0.3,0.0,a,0,0,0,0,0,1,2,2.68,1.59,4.27,19.29,0,0,0,0,0,0,0,False,,,,0.0,0.0,0.0,0.0,0,0,0,0,Sunderland (Home)
Summerville,MID,West Ham,5.5,0.0,0.0,i,0,0,0,0,0,1,1,1.71,1.61,3.32,17.58,0,0,0,0,0,0,0,False,,,,0.0,0.0,0.0,0.0,0,0,0,0,Sunderland (Home)
Álvarez,MID,West Ham,5.0,0.3,0.0,a,0,0,0,0,0,0,1,0.89,0.39,1.28,30.15,0,0,0,0,0,0,0,False,,,,0.0,0.0,0.0,0.0,0,0,0,0,Sunderland (Home)
Cornet,MID,West Ham,5.0,0.2,0.0,a,0,0,0,0,0,0,0,0.00,0.16,0.16,1.79,0,0,0,0,0,0,0,False,,,,0.0,0.0,0.0,0.0,0,0,0,0,Sunderland (Home)
G.Rodriguez,MID,West Ham,5.0,0.2,0.0,a,0,0,0,0,0,0,1,0.17,0.22,0.39,20.67,0,0,0,0,0,0,0,False,,,,0.0,0.0,0.0,0.0,0,0,0,0,Sunderland (Home)
L.Guilherme,MID,West Ham,5.0,0.2,0.0,a,0,0,0,0,0,0,0,0.13,0.42,0.55,2.61,0,0,0,0,0,0,0,False,,,,0.0,0.0,0.0,0.0,0,0,0,0,Sunderland (Home)
Earthy,MID,West Ham,4.5,0.3,0.0,a,0,0,0,0,0,0,0,0.00,0.00,0.00,0.00,0,0,0,0,0,0,0,False,,,,0.0,0.0,0.0,0.0,0,0,0,0,Sunderland (Home)
Irving,MID,West Ham,4.5,0.6,0.0,a,0,0,0,0,0,0,0,0.12,0.13,0.25,4.48,0,0,0,0,0,0,0,False,,,,0.0,0.0,0.0,0.0,0,0,0,0,Sunderland (Home)
Orford,MID,West Ham,4.5,0.2,0.0,a,0,0,0,0,0,0,0,0.04,0.03,0.07,1.23,0,0,0,0,0,0,0,False,,,,0.0,0.0,0.0,0.0,0,0,0,0,Sunderland (Home)
Potts,MID,West Ham,4.5,0.6,0.0,a,0,0,0,0,0,0,0,0.00,0.00,0.00,0.00,0,0,0,0,0,0,0,False,,,,0.0,0.0,0.0,0.0,0,0,0,0,Sunderland (Home)
Bowen,FWD,West Ham,8.0,35.8,0.0,a,0,0,0,0,0,13,11,6.47,8.60,15.07,51.12,0,0,0,0,0,0,0,False,,,,0.0,0.0,0.0,0.0,0,0,0,0,Sunderland (Home)
Füllkrug,FWD,West Ham,6.0,1.9,0.0,a,0,0,0,0,0,3,2,0.47,2.14,2.61,14.22,0,0,0,0,0,0,0,False,,,,0.0,0.0,0.0,0.0,0,0,0,0,Sunderland (Home)
Marshall,FWD,West Ham,4.5,1.2,0.0,a,0,0,0,0,0,0,0,0.00,0.00,0.00,0.00,0,0,0,0,0,0,0,False,,,,0.0,0.0,0.0,0.0,0,0,0,0,Sunderland (Home)
Johnstone,GKP,Wolves,4.5,0.3,0.0,a,0,0,0,0,0,0,0,0.00,0.00,0.00,12.98,0,0,0,0,0,0,0,False,,,,0.0,0.0,0.0,0.0,0,0,0,0,Man City (Away)
José Sá,GKP,Wolves,4.5,2.6,0.0,a,0,0,0,0,0,0,0,0.01,0.00,0.01,42.22,0,0,0,0,0,0,0,False,,,,0.0,0.0,0.0,0.0,0,0,0,0,Man City (Away)
Bentley,GKP,Wolves,4.0,1.5,0.0,a,0,0,0,0,0,0,0,0.00,0.00,0.00,3.01,0,0,0,0,0,0,0,False,,,,0.0,0.0,0.0,0.0,0,0,0,0,Man City (Away)
King,GKP,Wolves,4.0,3.0,0.0,a,0,0,0,0,0,0,0,0.00,0.00,0.00,0.14,0,0,0,0,0,0,0,False,,,,0.0,0.0,0.0,0.0,0,0,0,0,Man City (Away)
Agbadou,DEF,Wolves,4.5,0.4,0.0,a,0,0,0,0,0,1,0,0.32,0.90,1.22,23.12,0,0,0,0,0,0,0,False,,,,0.0,0.0,0.0,0.0,0,0,0,0,Man City (Away)
Doherty,DEF,Wolves,4.5,0.3,0.0,a,0,0,0,0,0,2,1,1.24,1.12,2.36,32.68,0,0,0,0,0,0,0,False,,,,0.0,0.0,0.0,0.0,0,0,0,0,Man City (Away)
H.Bueno,DEF,Wolves,4.5,0.2,0.0,a,0,0,0,0,0,0,0,0.00,0.00,0.00,0.00,0,0,0,0,0,0,0,False,,,,0.0,0.0,0.0,0.0,0,0,0,0,Man City (Away)
Mosquera,DEF,Wolves,4.5,0.2,0.0,a,0,0,0,0,0,0,0,0.03,0.33,0.36,5.63,0,0,0,0,0,0,0,False,,,,0.0,0.0,0.0,0.0,0,0,0,0,Man City (Away)
R.Gomes,DEF,Wolves,4.5,0.3,0.0,a,0,0,0,0,0,2,0,0.87,0.72,1.59,16.09,0,0,0,0,0,0,0,False,,,,0.0,0.0,0.0,0.0,0,0,0,0,Man City (Away)
S.Bueno,DEF,Wolves,4.5,0.2,0.0,a,0,0,0,0,0,0,0,0.10,0.45,0.55,29.40,0,0,0,0,0,0,0,False,,,,0.0,0.0,0.0,0.0,0,0,0,0,Man City (Away)
Toti,DEF,Wolves,4.5,0.3,0.0,a,0,0,0,0,0,0,1,0.60,0.73,1.33,41.65,0,0,0,0,0,0,0,False,,,,0.0,0.0,0.0,0.0,0,0,0,0,Man City (Away)
Hoever,DEF,Wolves,4.0,1.4,0.0,a,0,0,0,0,0,0,0,0.00,0.00,0.00,0.00,0,0,0,0,0,0,0,False,,,,0.0,0.0,0.0,0.0,0,0,0,0,Man City (Away)
Meupiyou,DEF,Wolves,4.0,0.9,0.0,a,0,0,0,0,0,0,0,0.00,0.00,0.00,0.00,0,0,0,0,0,0,0,False,,,,0.0,0.0,0.0,0.0,0,0,0,0,Man City (Away)
Pedro Lima,DEF,Wolves,4.0,1.8,0.0,a,0,0,0,0,0,0,0,0.10,0.06,0.16,0.77,0,0,0,0,0,0,0,False,,,,0.0,0.0,0.0,0.0,0,0,0,0,Man City (Away)
Pond,DEF,Wolves,4.0,2.0,0.0,a,0,0,0,0,0,0,0,0.00,0.00,0.00,0.00,0,0,0,0,0,0,0,False,,,,0.0,0.0,0.0,0.0,0,0,0,0,Man City (Away)
Hee Chan,MID,Wolves,6.0,0.3,0.0,a,0,0,0,0,0,2,1,0.35,0.79,1.14,12.57,0,0,0,0,0,0,0,False,,,,0.0,0.0,0.0,0.0,0,0,0,0,Man City (Away)
André,MID,Wolves,5.5,0.2,0.0,a,0,0,0,0,0,0,0,0.52,0.41,0.93,40.79,0,0,0,0,0,0,0,False,,,,0.0,0.0,0.0,0.0,0,0,0,0,Man City (Away)
Bellegarde,MID,Wolves,5.5,0.2,0.0,a,0,0,0,0,0,2,7,2.74,1.46,4.20,26.55,0,0,0,0,0,0,0,False,,,,0.0,0.0,0.0,0.0,0,0,0,0,Man City (Away)
Fer López,MID,Wolves,5.5,0.2,0.0,a,0,0,0,0,0,0,0,0.00,0.00,0.00,0.00,0,0,0,0,0,0,0,False,,,,0.0,0.0,0.0,0.0,0,0,0,0,Man City (Away)
Gomes,MID,Wolves,5.5,0.2,0.0,a,0,0,0,0,0,3,1,2.61,2.94,5.55,49.50,0,0,0,0,0,0,0,False,,,,0.0,0.0,0.0,0.0,0,0,0,0,Man City (Away)
Guedes,MID,Wolves,5.5,0.2,0.0,a,0,0,0,0,0,2,4,0.92,3.28,4.20,18.83,0,0,0,0,0,0,0,False,,,,0.0,0.0,0.0,0.0,0,0,0,0,Man City (Away)
Munetsi,MID,Wolves,5.5,0.2,0.0,a,0,0,0,0,0,2,2,1.08,3.32,4.39,14.59,0,0,0,0,0,0,0,False,,,,0.0,0.0,0.0,0.0,0,0,0,0,Man City (Away)
B.Traore,MID,Wolves,5.0,0.2,0.0,a,0,0,0,0,0,0,0,0.00,0.00,0.00,0.00,0,0,0,0,0,0,0,False,,,,0.0,0.0,0.0,0.0,0,0,0,0,Man City (Away)
Chirewa,MID,Wolves,4.5,0.5,0.0,a,0,0,0,0,0,0,0,0.00,0.00,0.00,0.00,0,0,0,0,0,0,0,False,,,,0.0,0.0,0.0,0.0,0,0,0,0,Man City (Away)
Edozie,MID,Wolves,4.5,0.4,0.0,a,0,0,0,0,0,0,0,0.00,0.00,0.00,0.00,0,0,0,0,0,0,0,False,,,,0.0,0.0,0.0,0.0,0,0,0,0,Man City (Away)
Gonzalez,MID,Wolves,4.5,0.4,0.0,a,0,0,0,0,0,0,0,0.00,0.00,0.00,0.00,0,0,0,0,0,0,0,False,,,,0.0,0.0,0.0,0.0,0,0,0,0,Man City (Away)
Hodge,MID,Wolves,4.5,1.3,0.0,a,0,0,0,0,0,0,0,0.00,0.00,0.00,0.00,0,0,0,0,0,0,0,False,,,,0.0,0.0,0.0,0.0,0,0,0,0,Man City (Away)
Strand Larsen,FWD,Wolves,6.5,7.3,0.0,a,0,0,0,0,0,14,4,1.00,10.14,11.14,43.94,0,0,0,0,0,0,0,False,,,,0.0,0.0,0.0,0.0,0,0,0,0,Man City (Away)
Fábio Silva,FWD,Wolves,5.0,0.9,0.0,a,0,0,0,0,0,0,0,0.00,0.00,0.00,0.00,0,0,0,0,0,0,0,False,,,,0.0,0.0,0.0,0.0,0,0,0,0,Man City (Away)
Kalajdžić,FWD,Wolves,5.0,0.6,0.0,a,0,0,0,0,0,0,0,0.00,0.00,0.00,0.00,0,0,0,0,0,0,0,False,,,,0.0,0.0,0.0,0.0,0,0,0,0,Man City (Away)
Chiwome,FWD,Wolves,4.5,0.1,0.0,i,0,0,0,0,0,0,0,0.00,0.00,0.00,0.00,0,0,0,0,0,0,0,False,,,,0.0,0.0,0.0,0.0,0,0,0,0,Man City (Away)
Fraser,FWD,Wolves,4.5,2.8,0.0,a,0,0,0,0,0,0,0,0.00,0.00,0.00,0.00,0,0,0,0,0,0,0,False,,,,0.0,0.0,0.0,0.0,0,0,0,0,Man City (Away)
