Web name,Position,Team,Cost,Selected,Form,Status,Minutes,Goals,Assist,Saves,GC,Season Goals,Season Assists,xA,xG,xGI,xGC,CS,OGs,Pens Missed,Pens Saved,Yellow cards,Red cards,Starts,Was home,Team H Score,Team A Score,Opponent Team,Influence,Creativity,Threat,ICT Index,Bps,GW Points,Transfers In,Transfers Out,Next Fixture,Community
Raya,GKP,Arsenal,5.5,19.8,0.0,a,0,0,0,0,0,0,0,0.03,0.0,0.03,35.03,0,0,0,0,0,0,0,False,,,,0.0,0.0,0.0,0.0,0,0,0,0,Man Utd (Home),5
Arrizabalaga,GKP,Arsenal,4.5,0.8,0.0,a,0,0,0,0,0,0,0,0.03,0.06,0.09,38.83,0,0,0,0,0,0,0,False,,,,0.0,0.0,0.0,0.0,0,0,0,0,Man Utd (Home),5
Hein,GKP,Arsenal,4.0,0.9,0.0,a,0,0,0,0,0,0,0,0.0,0.0,0.0,0.0,0,0,0,0,0,0,0,False,,,,0.0,0.0,0.0,0.0,0,0,0,0,Man Utd (Home),2
Setford,GKP,Arsenal,4.0,0.4,0.0,a,0,0,0,0,0,0,0,0.0,0.0,0.0,0.0,0,0,0,0,0,0,0,False,,,,0.0,0.0,0.0,0.0,0,0,0,0,Man Utd (Home),2
Gabriel,DEF,Arsenal,6.0,30.4,0.0,a,0,0,0,0,0,3,2,1.21,2.7,3.91,23.09,0,0,0,0,0,0,0,False,,,,0.0,0.0,0.0,0.0,0,0,0,0,Man Utd (Home),5
Saliba,DEF,Arsenal,6.0,18.8,0.0,a,0,0,0,0,0,2,0,1.28,2.42,3.7,30.32,0,0,0,0,0,0,0,False,,,,0.0,0.0,0.0,0.0,0,0,0,0,Man Utd (Home),5
Calafiori,DEF,Arsenal,5.5,0.3,0.0,a,0,0,0,0,0,2,1,0.69,0.86,1.55,10.28,0,0,0,0,0,0,0,False,,,,0.0,0.0,0.0,0.0,0,0,0,0,Man Utd (Home),3
J.Timber,DEF,Arsenal,5.5,2.5,0.0,a,0,0,0,0,0,1,3,1.3,1.23,2.53,21.09,0,0,0,0,0,0,0,False,,,,0.0,0.0,0.0,0.0,0,0,0,0,Man Utd (Home),5
Kiwior,DEF,Arsenal,5.5,0.1,0.0,a,0,0,0,0,0,1,0,0.29,0.17,0.46,14.71,0,0,0,0,0,0,0,False,,,,0.0,0.0,0.0,0.0,0,0,0,0,Man Utd (Home),3
Lewis-Skelly,DEF,Arsenal,5.5,5.8,0.0,a,0,0,0,0,0,1,0,0.51,0.16,0.67,16.65,0,0,0,0,0,0,0,False,,,,0.0,0.0,0.0,0.0,0,0,0,0,Man Utd (Home),5
White,DEF,Arsenal,5.5,0.5,0.0,a,0,0,0,0,0,0,2,1.3,0.46,1.76,16.88,0,0,0,0,0,0,0,False,,,,0.0,0.0,0.0,0.0,0,0,0,0,Man Utd (Home),4
Zinchenko,DEF,Arsenal,5.0,0.3,0.0,a,0,0,0,0,0,0,1,0.52,0.65,1.17,3.21,0,0,0,0,0,0,0,False,,,,0.0,0.0,0.0,0.0,0,0,0,0,Man Utd (Home),3
Clarke,DEF,Arsenal,4.0,1.1,0.0,a,0,0,0,0,0,0,0,0.0,0.0,0.0,0.0,0,0,0,0,0,0,0,False,,,,0.0,0.0,0.0,0.0,0,0,0,0,Man Utd (Home),2
Kacurri,DEF,Arsenal,4.0,0.7,0.0,a,0,0,0,0,0,0,0,0.0,0.0,0.0,0.0,0,0,0,0,0,0,0,False,,,,0.0,0.0,0.0,0.0,0,0,0,0,Man Utd (Home),2
Nichols,DEF,Arsenal,4.0,0.7,0.0,a,0,0,0,0,0,0,0,0.0,0.0,0.0,0.0,0,0,0,0,0,0,0,False,,,,0.0,0.0,0.0,0.0,0,0,0,0,Man Utd (Home),2
Saka,MID,Arsenal,10.0,16.9,0.0,a,0,0,0,0,0,6,11,7.78,6.87,14.65,17.72,0,0,0,0,0,0,0,False,,,,0.0,0.0,0.0,0.0,0,0,0,0,Man Utd (Home),5
Ødegaard,MID,Arsenal,8.0,4.2,0.0,a,0,0,0,0,0,3,9,6.68,4.85,11.53,22.16,0,0,0,0,0,0,0,False,,,,0.0,0.0,0.0,0.0,0,0,0,0,Man Utd (Home),5
Madueke,MID,Arsenal,7.0,6.0,0.0,a,0,0,0,0,0,7,5,2.86,9.62,12.48,29.55,0,0,0,0,0,0,0,False,,,,0.0,0.0,0.0,0.0,0,0,0,0,Man Utd (Home),5
Martinelli,MID,Arsenal,7.0,5.2,0.0,a,0,0,0,0,0,8,4,4.46,7.13,11.59,26.22,0,0,0,0,0,0,0,False,,,,0.0,0.0,0.0,0.0,0,0,0,0,Man Utd (Home),5
Trossard,MID,Arsenal,7.0,5.2,0.0,a,0,0,0,0,0,8,8,4.12,6.74,10.86,24.76,0,0,0,0,0,0,0,False,,,,0.0,0.0,0.0,0.0,0,0,0,0,Man Utd (Home),5
Rice,MID,Arsenal,6.5,4.5,0.0,a,0,0,0,0,0,4,7,5.64,3.51,9.14,27.13,0,0,0,0,0,0,0,False,,,,0.0,0.0,0.0,0.0,0,0,0,0,Man Utd (Home),5
Merino,MID,Arsenal,6.0,0.7,0.0,a,0,0,0,0,0,7,2,1.18,5.75,6.93,15.71,0,0,0,0,0,0,0,False,,,,0.0,0.0,0.0,0.0,0,0,0,0,Man Utd (Home),5
Fábio Vieira,MID,Arsenal,5.5,0.1,0.0,a,0,0,0,0,0,0,0,0.0,0.0,0.0,0.0,0,0,0,0,0,0,0,False,,,,0.0,0.0,0.0,0.0,0,0,0,0,Man Utd (Home),3
Nørgaard,MID,Arsenal,5.5,0.5,0.0,a,0,0,0,0,0,5,5,1.38,4.23,5.61,44.54,0,0,0,0,0,0,0,False,,,,0.0,0.0,0.0,0.0,0,0,0,0,Man Utd (Home),5
Nwaneri,MID,Arsenal,5.5,0.6,0.0,a,0,0,0,0,0,4,2,1.78,1.19,2.97,5.38,0,0,0,0,0,0,0,False,,,,0.0,0.0,0.0,0.0,0,0,0,0,Man Utd (Home),5
Zubimendi,MID,Arsenal,5.5,1.3,0.0,a,0,0,0,0,0,0,0,0.0,0.0,0.0,0.0,0,0,0,0,0,0,0,False,,,,0.0,0.0,0.0,0.0,0,0,0,0,Man Utd (Home),3
Nelson,MID,Arsenal,5.0,0.3,0.0,a,0,0,0,0,0,1,1,0.96,1.07,2.03,6.13,0,0,0,0,0,0,0,False,,,,0.0,0.0,0.0,0.0,0,0,0,0,Man Utd (Home),3
Kabia,MID,Arsenal,4.5,0.6,0.0,a,0,0,0,0,0,0,0,0.0,0.0,0.0,0.0,0,0,0,0,0,0,0,False,,,,0.0,0.0,0.0,0.0,0,0,0,0,Man Utd (Home),2
Sambi,MID,Arsenal,4.5,0.2,0.0,a,0,0,0,0,0,0,0,0.0,0.0,0.0,0.0,0,0,0,0,0,0,0,False,,,,0.0,0.0,0.0,0.0,0,0,0,0,Man Utd (Home),2
Havertz,FWD,Arsenal,7.5,3.2,0.0,a,0,0,0,0,0,9,3,1.65,9.53,11.18,19.32,0,0,0,0,0,0,0,False,,,,0.0,0.0,0.0,0.0,0,0,0,0,Man Utd (Home),5
G.Jesus,FWD,Arsenal,6.5,0.0,0.0,i,0,0,0,0,0,3,2,0.52,3.05,3.57,5.82,0,0,0,0,0,0,0,False,,,,0.0,0.0,0.0,0.0,0,0,0,0,Man Utd (Home),5
Martinez,GKP,Aston Villa,5.0,0.2,0.0,s,0,0,0,0,0,0,0,0.02,0.0,0.02,44.99,0,0,0,0,0,0,0,False,,,,0.0,0.0,0.0,0.0,0,0,0,0,Newcastle (Away),5
M.Bizot,GKP,Aston Villa,4.5,0.5,0.0,a,0,0,0,0,0,0,0,0.0,0.0,0.0,0.0,0,0,0,0,0,0,0,False,,,,0.0,0.0,0.0,0.0,0,0,0,0,Newcastle (Away),2
Gauci,GKP,Aston Villa,4.0,1.0,0.0,a,0,0,0,0,0,0,0,0.0,0.0,0.0,0.0,0,0,0,0,0,0,0,False,,,,0.0,0.0,0.0,0.0,0,0,0,0,Newcastle (Away),2
Marschall,GKP,Aston Villa,4.0,0.5,0.0,a,0,0,0,0,0,0,0,0.0,0.0,0.0,0.0,0,0,0,0,0,0,0,False,,,,0.0,0.0,0.0,0.0,0,0,0,0,Newcastle (Away),2
Cash,DEF,Aston Villa,4.5,1.5,0.0,a,0,0,0,0,0,1,1,1.23,0.48,1.71,28.64,0,0,0,0,0,0,0,False,,,,0.0,0.0,0.0,0.0,0,0,0,0,Newcastle (Away),5
Digne,DEF,Aston Villa,4.5,1.4,0.0,a,0,0,0,0,0,0,5,3.97,0.8,4.77,34.94,0,0,0,0,0,0,0,False,,,,0.0,0.0,0.0,0.0,0,0,0,0,Newcastle (Away),5
Konsa,DEF,Aston Villa,4.5,14.1,0.0,a,0,0,0,0,0,2,0,0.61,1.29,1.9,43.82,0,0,0,0,0,0,0,False,,,,0.0,0.0,0.0,0.0,0,0,0,0,Newcastle (Away),5
Maatsen,DEF,Aston Villa,4.5,1.2,0.0,a,0,0,0,0,0,1,2,2.43,0.87,3.3,17.31,0,0,0,0,0,0,0,False,,,,0.0,0.0,0.0,0.0,0,0,0,0,Newcastle (Away),5
Mings,DEF,Aston Villa,4.5,0.4,0.0,a,0,0,0,0,0,0,1,0.23,0.88,1.11,13.2,0,0,0,0,0,0,0,False,,,,0.0,0.0,0.0,0.0,0,0,0,0,Newcastle (Away),2
Pau,DEF,Aston Villa,4.5,0.5,0.0,a,0,0,0,0,0,0,0,0.43,0.51,0.94,29.69,0,0,0,0,0,0,0,False,,,,0.0,0.0,0.0,0.0,0,0,0,0,Newcastle (Away),5
A.García,DEF,Aston Villa,4.0,1.4,0.0,a,0,0,0,0,0,0,0,0.49,0.04,0.53,6.49,0,0,0,0,0,0,0,False,,,,0.0,0.0,0.0,0.0,0,0,0,0,Newcastle (Away),2
Alex Moreno,DEF,Aston Villa,4.0,6.6,0.0,a,0,0,0,0,0,0,1,1.1,0.17,1.27,13.94,0,0,0,0,0,0,0,False,,,,0.0,0.0,0.0,0.0,0,0,0,0,Newcastle (Away),0
Bogarde,DEF,Aston Villa,4.0,0.7,0.0,a,0,0,0,0,0,0,0,0.13,0.04,0.17,9.28,0,0,0,0,0,0,0,False,,,,0.0,0.0,0.0,0.0,0,0,0,0,Newcastle (Away),2
Sousa,DEF,Aston Villa,4.0,0.7,0.0,a,0,0,0,0,0,0,0,0.0,0.0,0.0,0.0,0,0,0,0,0,0,0,False,,,,0.0,0.0,0.0,0.0,0,0,0,0,Newcastle (Away),2
Yasin,DEF,Aston Villa,4.0,1.3,0.0,a,0,0,0,0,0,0,0,0.0,0.0,0.0,0.0,0,0,0,0,0,0,0,False,,,,0.0,0.0,0.0,0.0,0,0,0,0,Newcastle (Away),2
Rogers,MID,Aston Villa,7.0,23.6,0.0,a,0,0,0,0,0,8,11,5.24,6.49,11.73,43.7,0,0,0,0,0,0,0,False,,,,0.0,0.0,0.0,0.0,0,0,0,0,Newcastle (Away),5
Tielemans,MID,Aston Villa,6.0,1.1,0.0,a,0,0,0,0,0,3,7,5.83,3.31,9.14,43.87,0,0,0,0,0,0,0,False,,,,0.0,0.0,0.0,0.0,0,0,0,0,Newcastle (Away),5
Bailey,MID,Aston Villa,5.5,0.4,0.0,a,0,0,0,0,0,1,2,2.92,1.73,4.65,13.91,0,0,0,0,0,0,0,False,,,,0.0,0.0,0.0,0.0,0,0,0,0,Newcastle (Away),5
Buendía,MID,Aston Villa,5.5,0.1,0.0,a,0,0,0,0,0,0,0,0.03,0.65,0.68,2.27,0,0,0,0,0,0,0,False,,,,0.0,0.0,0.0,0.0,0,0,0,0,Newcastle (Away),3
Iling Jr,MID,Aston Villa,5.5,0.1,0.0,a,0,0,0,0,0,0,0,0.0,0.0,0.0,0.0,0,0,0,0,0,0,0,False,,,,0.0,0.0,0.0,0.0,0,0,0,0,Newcastle (Away),3
J.Ramsey,MID,Aston Villa,5.5,0.5,0.0,a,0,0,0,0,0,1,4,2.18,1.59,3.77,23.99,0,0,0,0,0,0,0,False,,,,0.0,0.0,0.0,0.0,0,0,0,0,Newcastle (Away),5
Malen,MID,Aston Villa,5.5,0.5,0.0,a,0,0,0,0,0,3,0,0.15,2.15,2.3,4.77,0,0,0,0,0,0,0,False,,,,0.0,0.0,0.0,0.0,0,0,0,0,Newcastle (Away),5
McGinn,MID,Aston Villa,5.5,0.4,0.0,a,0,0,0,0,0,1,4,2.7,3.1,5.8,35.03,0,0,0,0,0,0,0,False,,,,0.0,0.0,0.0,0.0,0,0,0,0,Newcastle (Away),5
Barkley,MID,Aston Villa,5.0,0.4,0.0,a,0,0,0,0,0,3,1,0.43,1.79,2.22,6.32,0,0,0,0,0,0,0,False,,,,0.0,0.0,0.0,0.0,0,0,0,0,Newcastle (Away),5
Barrenechea,MID,Aston Villa,5.0,0.2,0.0,a,0,0,0,0,0,0,0,0.0,0.0,0.0,0.0,0,0,0,0,0,0,0,False,,,,0.0,0.0,0.0,0.0,0,0,0,0,Newcastle (Away),3
Dobbin,MID,Aston Villa,5.0,0.2,0.0,a,0,0,0,0,0,0,0,0.0,0.0,0.0,0.0,0,0,0,0,0,0,0,False,,,,0.0,0.0,0.0,0.0,0,0,0,0,Newcastle (Away),3
Kamara,MID,Aston Villa,5.0,0.3,0.0,a,0,0,0,0,0,1,0,0.83,0.82,1.65,23.03,0,0,0,0,0,0,0,False,,,,0.0,0.0,0.0,0.0,0,0,0,0,Newcastle (Away),5
Onana,MID,Aston Villa,5.0,1.3,0.0,a,0,0,0,0,0,3,0,0.84,2.12,2.96,23.66,0,0,0,0,0,0,0,False,,,,0.0,0.0,0.0,0.0,0,0,0,0,Newcastle (Away),5
Broggio,MID,Aston Villa,4.5,0.4,0.0,a,0,0,0,0,0,0,0,0.0,0.0,0.0,0.0,0,0,0,0,0,0,0,False,,,,0.0,0.0,0.0,0.0,0,0,0,0,Newcastle (Away),2
Dendoncker,MID,Aston Villa,4.5,0.6,0.0,a,0,0,0,0,0,0,0,0.0,0.0,0.0,0.0,0,0,0,0,0,0,0,False,,,,0.0,0.0,0.0,0.0,0,0,0,0,Newcastle (Away),2
Jimoh-Aloba,MID,Aston Villa,4.5,0.1,0.0,a,0,0,0,0,0,0,0,0.0,0.0,0.0,0.0,0,0,0,0,0,0,0,False,,,,0.0,0.0,0.0,0.0,0,0,0,0,Newcastle (Away),2
Young,MID,Aston Villa,4.5,0.5,0.0,a,0,0,0,0,0,0,0,0.0,0.0,0.0,0.0,0,0,0,0,0,0,0,False,,,,0.0,0.0,0.0,0.0,0,0,0,0,Newcastle (Away),2
Watkins,FWD,Aston Villa,9.0,8.7,0.0,a,0,0,0,0,0,16,8,2.07,15.12,17.19,38.62,0,0,0,0,0,0,0,False,,,,0.0,0.0,0.0,0.0,0,0,0,0,Newcastle (Away),5
Redmond,FWD,Aston Villa,4.5,1.4,0.0,a,0,0,0,0,0,0,0,0.0,0.0,0.0,0.0,0,0,0,0,0,0,0,False,,,,0.0,0.0,0.0,0.0,0,0,0,0,Newcastle (Away),2
Trafford,GKP,Burnley,5.0,4.4,0.0,a,0,0,0,0,0,0,0,0.0,0.0,0.0,0.0,0,0,0,0,0,0,0,False,,,,0.0,0.0,0.0,0.0,0,0,0,0,Spurs (Home),3
Weiss,GKP,Burnley,4.5,0.3,0.0,a,0,0,0,0,0,0,0,0.0,0.0,0.0,0.0,0,0,0,0,0,0,0,False,,,,0.0,0.0,0.0,0.0,0,0,0,0,Spurs (Home),2
Green,GKP,Burnley,4.0,0.9,0.0,a,0,0,0,0,0,0,0,0.0,0.0,0.0,0.0,0,0,0,0,0,0,0,False,,,,0.0,0.0,0.0,0.0,0,0,0,0,Spurs (Home),2
Hladký,GKP,Burnley,4.0,0.7,0.0,a,0,0,0,0,0,0,0,0.0,0.0,0.0,0.0,0,0,0,0,0,0,0,False,,,,0.0,0.0,0.0,0.0,0,0,0,0,Spurs (Home),2
Roberts,DEF,Burnley,4.5,0.3,0.0,a,0,0,0,0,0,0,0,0.0,0.0,0.0,0.0,0,0,0,0,0,0,0,False,,,,0.0,0.0,0.0,0.0,0,0,0,0,Spurs (Home),2
Walker,DEF,Burnley,4.5,2.5,0.0,a,0,0,0,0,0,0,0,1.34,0.12,1.46,19.26,0,0,0,0,0,0,0,False,,,,0.0,0.0,0.0,0.0,0,0,0,0,Spurs (Home),5
Delcroix,DEF,Burnley,4.0,1.3,0.0,a,0,0,0,0,0,0,0,0.0,0.0,0.0,0.0,0,0,0,0,0,0,0,False,,,,0.0,0.0,0.0,0.0,0,0,0,0,Spurs (Home),2
Dodgson,DEF,Burnley,4.0,0.7,0.0,a,0,0,0,0,0,0,0,0.0,0.0,0.0,0.0,0,0,0,0,0,0,0,False,,,,0.0,0.0,0.0,0.0,0,0,0,0,Spurs (Home),2
Ekdal,DEF,Burnley,4.0,0.8,0.0,a,0,0,0,0,0,0,0,0.0,0.0,0.0,0.0,0,0,0,0,0,0,0,False,,,,0.0,0.0,0.0,0.0,0,0,0,0,Spurs (Home),2
Estève,DEF,Burnley,4.0,3.0,0.0,a,0,0,0,0,0,0,0,0.0,0.0,0.0,0.0,0,0,0,0,0,0,0,False,,,,0.0,0.0,0.0,0.0,0,0,0,0,Spurs (Home),2
Hartman,DEF,Burnley,4.0,0.9,0.0,a,0,0,0,0,0,0,0,0.0,0.0,0.0,0.0,0,0,0,0,0,0,0,False,,,,0.0,0.0,0.0,0.0,0,0,0,0,Spurs (Home),2
Humphreys,DEF,Burnley,4.0,1.8,0.0,a,0,0,0,0,0,0,0,0.0,0.0,0.0,0.0,0,0,0,0,0,0,0,False,,,,0.0,0.0,0.0,0.0,0,0,0,0,Spurs (Home),2
Jordan,DEF,Burnley,4.0,0.7,0.0,a,0,0,0,0,0,0,0,0.0,0.0,0.0,0.0,0,0,0,0,0,0,0,False,,,,0.0,0.0,0.0,0.0,0,0,0,0,Spurs (Home),2
Lucas Pires,DEF,Burnley,4.0,0.7,0.0,a,0,0,0,0,0,0,0,0.0,0.0,0.0,0.0,0,0,0,0,0,0,0,False,,,,0.0,0.0,0.0,0.0,0,0,0,0,Spurs (Home),2
Sambo,DEF,Burnley,4.0,0.7,0.0,a,0,0,0,0,0,0,0,0.0,0.0,0.0,0.0,0,0,0,0,0,0,0,False,,,,0.0,0.0,0.0,0.0,0,0,0,0,Spurs (Home),2
Sonne,DEF,Burnley,4.0,0.7,0.0,a,0,0,0,0,0,0,0,0.0,0.0,0.0,0.0,0,0,0,0,0,0,0,False,,,,0.0,0.0,0.0,0.0,0,0,0,0,Spurs (Home),2
Tuanzebe,DEF,Burnley,4.0,5.3,0.0,a,0,0,0,0,0,0,1,0.26,0.21,0.47,32.01,0,0,0,0,0,0,0,False,,,,0.0,0.0,0.0,0.0,0,0,0,0,Spurs (Home),5
Worrall,DEF,Burnley,4.0,0.7,0.0,a,0,0,0,0,0,0,0,0.0,0.0,0.0,0.0,0,0,0,0,0,0,0,False,,,,0.0,0.0,0.0,0.0,0,0,0,0,Spurs (Home),2
Anthony,MID,Burnley,5.5,0.2,0.0,a,0,0,0,0,0,0,0,0.0,0.0,0.0,0.0,0,0,0,0,0,0,0,False,,,,0.0,0.0,0.0,0.0,0,0,0,0,Spurs (Home),3
Benson,MID,Burnley,5.5,0.1,0.0,a,0,0,0,0,0,0,0,0.0,0.0,0.0,0.0,0,0,0,0,0,0,0,False,,,,0.0,0.0,0.0,0.0,0,0,0,0,Spurs (Home),3
Bruun Larsen,MID,Burnley,5.5,0.2,0.0,a,0,0,0,0,0,0,0,0.0,0.0,0.0,0.0,0,0,0,0,0,0,0,False,,,,0.0,0.0,0.0,0.0,0,0,0,0,Spurs (Home),3
Boateng,MID,Burnley,5.0,0.2,0.0,a,0,0,0,0,0,0,0,0.0,0.0,0.0,0.0,0,0,0,0,0,0,0,False,,,,0.0,0.0,0.0,0.0,0,0,0,0,Spurs (Home),3
Churlinov,MID,Burnley,5.0,0.2,0.0,a,0,0,0,0,0,0,0,0.0,0.0,0.0,0.0,0,0,0,0,0,0,0,False,,,,0.0,0.0,0.0,0.0,0,0,0,0,Spurs (Home),3
Cullen,MID,Burnley,5.0,0.2,0.0,a,0,0,0,0,0,0,0,0.0,0.0,0.0,0.0,0,0,0,0,0,0,0,False,,,,0.0,0.0,0.0,0.0,0,0,0,0,Spurs (Home),3
Edwards,MID,Burnley,5.0,0.4,0.0,a,0,0,0,0,0,0,0,0.0,0.0,0.0,0.0,0,0,0,0,0,0,0,False,,,,0.0,0.0,0.0,0.0,0,0,0,0,Spurs (Home),3
Hannibal,MID,Burnley,5.0,0.4,0.0,a,0,0,0,0,0,0,0,0.0,0.0,0.0,0.0,0,0,0,0,0,0,0,False,,,,0.0,0.0,0.0,0.0,0,0,0,0,Spurs (Home),3
Koleosho,MID,Burnley,5.0,0.2,0.0,a,0,0,0,0,0,0,0,0.0,0.0,0.0,0.0,0,0,0,0,0,0,0,False,,,,0.0,0.0,0.0,0.0,0,0,0,0,Spurs (Home),3
Laurent,MID,Burnley,5.0,0.2,0.0,a,0,0,0,0,0,0,0,0.0,0.0,0.0,0.0,0,0,0,0,0,0,0,False,,,,0.0,0.0,0.0,0.0,0,0,0,0,Spurs (Home),3
Tchaouna,MID,Burnley,5.0,0.2,0.0,a,0,0,0,0,0,0,0,0.0,0.0,0.0,0.0,0,0,0,0,0,0,0,False,,,,0.0,0.0,0.0,0.0,0,0,0,0,Spurs (Home),3
A.Ramsey,MID,Burnley,4.5,3.1,0.0,a,0,0,0,0,0,0,0,0.0,0.0,0.0,0.0,0,0,0,0,0,0,0,False,,,,0.0,0.0,0.0,0.0,0,0,0,0,Spurs (Home),2
Adewumi,MID,Burnley,4.5,0.1,0.0,a,0,0,0,0,0,0,0,0.0,0.0,0.0,0.0,0,0,0,0,0,0,0,False,,,,0.0,0.0,0.0,0.0,0,0,0,0,Spurs (Home),2
Banel,MID,Burnley,4.5,0.1,0.0,a,0,0,0,0,0,0,0,0.0,0.0,0.0,0.0,0,0,0,0,0,0,0,False,,,,0.0,0.0,0.0,0.0,0,0,0,0,Spurs (Home),2
Trésor,MID,Burnley,4.5,0.3,0.0,a,0,0,0,0,0,0,0,0.0,0.0,0.0,0.0,0,0,0,0,0,0,0,False,,,,0.0,0.0,0.0,0.0,0,0,0,0,Spurs (Home),2
Flemming,FWD,Burnley,5.5,0.2,0.0,a,0,0,0,0,0,0,0,0.0,0.0,0.0,0.0,0,0,0,0,0,0,0,False,,,,0.0,0.0,0.0,0.0,0,0,0,0,Spurs (Home),3
Amdouni,FWD,Burnley,5.0,1.0,0.0,a,0,0,0,0,0,0,0,0.0,0.0,0.0,0.0,0,0,0,0,0,0,0,False,,,,0.0,0.0,0.0,0.0,0,0,0,0,Spurs (Home),3
Foster,FWD,Burnley,5.0,0.7,0.0,a,0,0,0,0,0,0,0,0.0,0.0,0.0,0.0,0,0,0,0,0,0,0,False,,,,0.0,0.0,0.0,0.0,0,0,0,0,Spurs (Home),3
Barnes,FWD,Burnley,4.5,2.8,0.0,a,0,0,0,0,0,0,0,0.0,0.0,0.0,0.0,0,0,0,0,0,0,0,False,,,,0.0,0.0,0.0,0.0,0,0,0,0,Spurs (Home),2
Obafemi,FWD,Burnley,4.5,2.0,0.0,a,0,0,0,0,0,0,0,0.0,0.0,0.0,0.0,0,0,0,0,0,0,0,False,,,,0.0,0.0,0.0,0.0,0,0,0,0,Spurs (Home),2
Neto,GKP,Bournemouth,4.5,1.4,0.0,a,0,0,0,0,0,0,0,0.0,0.0,0.0,2.91,0,0,0,0,0,0,0,False,,,,0.0,0.0,0.0,0.0,0,0,0,0,Liverpool (Home),2
Petrović,GKP,Bournemouth,4.5,6.1,0.0,a,0,0,0,0,0,0,0,0.0,0.0,0.0,0.0,0,0,0,0,0,0,0,False,,,,0.0,0.0,0.0,0.0,0,0,0,0,Liverpool (Home),2
Dennis,GKP,Bournemouth,4.0,0.9,0.0,a,0,0,0,0,0,0,0,0.0,0.0,0.0,0.0,0,0,0,0,0,0,0,False,,,,0.0,0.0,0.0,0.0,0,0,0,0,Liverpool (Home),2
McKenna,GKP,Bournemouth,4.0,0.4,0.0,a,0,0,0,0,0,0,0,0.0,0.0,0.0,0.0,0,0,0,0,0,0,0,False,,,,0.0,0.0,0.0,0.0,0,0,0,0,Liverpool (Home),2
Paulsen,GKP,Bournemouth,4.0,0.4,0.0,a,0,0,0,0,0,0,0,0.0,0.0,0.0,0.0,0,0,0,0,0,0,0,False,,,,0.0,0.0,0.0,0.0,0,0,0,0,Liverpool (Home),2
Zabarnyi,DEF,Bournemouth,5.0,0.7,0.0,a,0,0,0,0,0,0,1,0.76,1.2,1.96,42.54,0,0,0,0,0,0,0,False,,,,0.0,0.0,0.0,0.0,0,0,0,0,Liverpool (Home),5
Senesi,DEF,Bournemouth,4.5,1.0,0.0,a,0,0,0,0,0,0,0,0.48,0.84,1.32,14.76,0,0,0,0,0,0,0,False,,,,0.0,0.0,0.0,0.0,0,0,0,0,Liverpool (Home),5
Smith,DEF,Bournemouth,4.5,0.3,0.0,a,0,0,0,0,0,0,0,0.68,0.65,1.33,19.04,0,0,0,0,0,0,0,False,,,,0.0,0.0,0.0,0.0,0,0,0,0,Liverpool (Home),5
Truffert,DEF,Bournemouth,4.5,0.8,0.0,a,0,0,0,0,0,0,0,0.0,0.0,0.0,0.0,0,0,0,0,0,0,0,False,,,,0.0,0.0,0.0,0.0,0,0,0,0,Liverpool (Home),2
Akinmboni,DEF,Bournemouth,4.0,0.8,0.0,a,0,0,0,0,0,0,0,0.0,0.0,0.0,0.0,0,0,0,0,0,0,0,False,,,,0.0,0.0,0.0,0.0,0,0,0,0,Liverpool (Home),2
Bevan,DEF,Bournemouth,4.0,2.8,0.0,a,0,0,0,0,0,0,0,0.0,0.0,0.0,0.0,0,0,0,0,0,0,0,False,,,,0.0,0.0,0.0,0.0,0,0,0,0,Liverpool (Home),2
Hill,DEF,Bournemouth,4.0,1.1,0.0,a,0,0,0,0,0,0,1,0.25,0.29,0.54,8.54,0,0,0,0,0,0,0,False,,,,0.0,0.0,0.0,0.0,0,0,0,0,Liverpool (Home),2
J.Araujo,DEF,Bournemouth,4.0,1.4,0.0,a,0,0,0,0,0,0,0,0.1,0.0,0.1,9.69,0,0,0,0,0,0,0,False,,,,0.0,0.0,0.0,0.0,0,0,0,0,Liverpool (Home),2
Mepham,DEF,Bournemouth,4.0,0.7,0.0,a,0,0,0,0,0,0,0,0.0,0.0,0.0,0.0,0,0,0,0,0,0,0,False,,,,0.0,0.0,0.0,0.0,0,0,0,0,Liverpool (Home),2
Soler,DEF,Bournemouth,4.0,0.9,0.0,a,0,0,0,0,0,0,0,0.0,0.0,0.0,0.08,0,0,0,0,0,0,0,False,,,,0.0,0.0,0.0,0.0,0,0,0,0,Liverpool (Home),2
Kluivert,MID,Bournemouth,7.0,11.3,0.0,a,0,0,0,0,0,12,6,3.66,10.05,13.71,32.6,0,0,0,0,0,0,0,False,,,,0.0,0.0,0.0,0.0,0,0,0,0,Liverpool (Home),5
Semenyo,MID,Bournemouth,7.0,11.1,0.0,a,0,0,0,0,0,11,7,4.43,9.51,13.94,44.18,0,0,0,0,0,0,0,False,,,,0.0,0.0,0.0,0.0,0,0,0,0,Liverpool (Home),5
O.Dango,MID,Bournemouth,6.0,0.4,0.0,a,0,0,0,0,0,7,4,3.24,8.42,11.66,31.96,0,0,0,0,0,0,0,False,,,,0.0,0.0,0.0,0.0,0,0,0,0,Liverpool (Home),5
Tavernier,MID,Bournemouth,5.5,0.5,0.0,a,0,0,0,0,0,3,7,3.65,5.51,9.16,25.42,0,0,0,0,0,0,0,False,,,,0.0,0.0,0.0,0.0,0,0,0,0,Liverpool (Home),5
Adams,MID,Bournemouth,5.0,0.3,0.0,a,0,0,0,0,0,0,3,0.76,1.33,2.09,29.26,0,0,0,0,0,0,0,False,,,,0.0,0.0,0.0,0.0,0,0,0,0,Liverpool (Home),5
Brooks,MID,Bournemouth,5.0,0.3,0.0,a,0,0,0,0,0,2,1,2.02,2.58,4.6,15.03,0,0,0,0,0,0,0,False,,,,0.0,0.0,0.0,0.0,0,0,0,0,Liverpool (Home),5
Christie,MID,Bournemouth,5.0,0.4,0.0,a,0,0,0,0,0,2,3,2.9,2.14,5.04,30.17,0,0,0,0,0,0,0,False,,,,0.0,0.0,0.0,0.0,0,0,0,0,Liverpool (Home),5
Cook,MID,Bournemouth,5.0,0.0,0.0,s,0,0,0,0,0,1,4,3.76,0.94,4.7,45.25,0,0,0,0,0,0,0,False,,,,0.0,0.0,0.0,0.0,0,0,0,0,Liverpool (Home),5
Philip,MID,Bournemouth,5.0,0.4,0.0,a,0,0,0,0,0,0,0,0.97,0.55,1.52,3.35,0,0,0,0,0,0,0,False,,,,0.0,0.0,0.0,0.0,0,0,0,0,Liverpool (Home),3
Scott,MID,Bournemouth,5.0,0.3,0.0,a,0,0,0,0,0,0,0,1.0,0.73,1.73,10.14,0,0,0,0,0,0,0,False,,,,0.0,0.0,0.0,0.0,0,0,0,0,Liverpool (Home),3
Sinisterra,MID,Bournemouth,5.0,0.6,0.0,a,0,0,0,0,0,1,1,1.29,1.18,2.47,4.08,0,0,0,0,0,0,0,False,,,,0.0,0.0,0.0,0.0,0,0,0,0,Liverpool (Home),3
Faivre,MID,Bournemouth,4.5,0.9,0.0,a,0,0,0,0,0,0,0,0.0,0.0,0.0,0.0,0,0,0,0,0,0,0,False,,,,0.0,0.0,0.0,0.0,0,0,0,0,Liverpool (Home),2
H.Traorè,MID,Bournemouth,4.5,0.4,0.0,a,0,0,0,0,0,0,0,0.0,0.0,0.0,0.0,0,0,0,0,0,0,0,False,,,,0.0,0.0,0.0,0.0,0,0,0,0,Liverpool (Home),2
Sadi,MID,Bournemouth,4.5,0.1,0.0,a,0,0,0,0,0,0,0,0.0,0.0,0.0,0.0,0,0,0,0,0,0,0,False,,,,0.0,0.0,0.0,0.0,0,0,0,0,Liverpool (Home),2
Silcott-Duberry,MID,Bournemouth,4.5,0.1,0.0,a,0,0,0,0,0,0,0,0.0,0.0,0.0,0.04,0,0,0,0,0,0,0,False,,,,0.0,0.0,0.0,0.0,0,0,0,0,Liverpool (Home),2
Winterburn,MID,Bournemouth,4.5,0.1,0.0,a,0,0,0,0,0,0,0,0.0,0.0,0.0,0.16,0,0,0,0,0,0,0,False,,,,0.0,0.0,0.0,0.0,0,0,0,0,Liverpool (Home),2
Evanilson,FWD,Bournemouth,7.0,4.3,0.0,a,0,0,0,0,0,10,5,1.74,12.47,14.21,26.78,0,0,0,0,0,0,0,False,,,,0.0,0.0,0.0,0.0,0,0,0,0,Liverpool (Home),5
Enes Ünal,FWD,Bournemouth,5.5,0.0,0.0,i,0,0,0,0,0,2,1,0.26,2.73,2.99,6.38,0,0,0,0,0,0,0,False,,,,0.0,0.0,0.0,0.0,0,0,0,0,Liverpool (Home),5
Adu-Adjei,FWD,Bournemouth,4.5,0.9,0.0,a,0,0,0,0,0,0,0,0.0,0.0,0.0,0.0,0,0,0,0,0,0,0,False,,,,0.0,0.0,0.0,0.0,0,0,0,0,Liverpool (Home),2
Kroupi.Jr,FWD,Bournemouth,4.5,1.9,0.0,a,0,0,0,0,0,0,0,0.0,0.0,0.0,0.0,0,0,0,0,0,0,0,False,,,,0.0,0.0,0.0,0.0,0,0,0,0,Liverpool (Home),2
Kelleher,GKP,Brentford,4.5,20.6,0.0,a,0,0,0,0,0,0,0,0.0,0.0,0.0,11.09,0,0,0,0,0,0,0,False,,,,0.0,0.0,0.0,0.0,0,0,0,0,Nott'm Forest (Home),5
Balcombe,GKP,Brentford,4.0,0.6,0.0,a,0,0,0,0,0,0,0,0.0,0.0,0.0,0.0,0,0,0,0,0,0,0,False,,,,0.0,0.0,0.0,0.0,0,0,0,0,Nott'm Forest (Home),2
Cox,GKP,Brentford,4.0,0.6,0.0,a,0,0,0,0,0,0,0,0.0,0.0,0.0,0.0,0,0,0,0,0,0,0,False,,,,0.0,0.0,0.0,0.0,0,0,0,0,Nott'm Forest (Home),2
Eyestone,GKP,Brentford,4.0,0.3,0.0,a,0,0,0,0,0,0,0,0.0,0.0,0.0,0.0,0,0,0,0,0,0,0,False,,,,0.0,0.0,0.0,0.0,0,0,0,0,Nott'm Forest (Home),2
Valdimarsson,GKP,Brentford,4.0,3.1,0.0,a,0,0,0,0,0,0,0,0.0,0.0,0.0,1.49,0,0,0,0,0,0,0,False,,,,0.0,0.0,0.0,0.0,0,0,0,0,Nott'm Forest (Home),2
Collins,DEF,Brentford,5.0,1.3,0.0,a,0,0,0,0,0,2,7,1.57,2.44,4.01,56.31,0,0,0,0,0,0,0,False,,,,0.0,0.0,0.0,0.0,0,0,0,0,Nott'm Forest (Home),5
Lewis-Potter,DEF,Brentford,5.0,0.6,0.0,a,0,0,0,0,0,1,5,4.94,2.96,7.9,50.62,0,0,0,0,0,0,0,False,,,,0.0,0.0,0.0,0.0,0,0,0,0,Nott'm Forest (Home),5
Ajer,DEF,Brentford,4.5,0.3,0.0,a,0,0,0,0,0,0,0,0.48,0.97,1.45,21.7,0,0,0,0,0,0,0,False,,,,0.0,0.0,0.0,0.0,0,0,0,0,Nott'm Forest (Home),5
Henry,DEF,Brentford,4.5,0.4,0.0,a,0,0,0,0,0,0,0,0.01,0.0,0.01,2.16,0,0,0,0,0,0,0,False,,,,0.0,0.0,0.0,0.0,0,0,0,0,Nott'm Forest (Home),2
Kayode,DEF,Brentford,4.5,0.7,0.0,a,0,0,0,0,0,0,1,0.7,0.19,0.89,6.66,0,0,0,0,0,0,0,False,,,,0.0,0.0,0.0,0.0,0,0,0,0,Nott'm Forest (Home),2
Pinnock,DEF,Brentford,4.5,0.5,0.0,a,0,0,0,0,0,2,0,0.64,1.08,1.72,34.33,0,0,0,0,0,0,0,False,,,,0.0,0.0,0.0,0.0,0,0,0,0,Nott'm Forest (Home),5
Roerslev,DEF,Brentford,4.5,0.2,0.0,a,0,0,0,0,0,0,2,2.09,0.2,2.29,21.52,0,0,0,0,0,0,0,False,,,,0.0,0.0,0.0,0.0,0,0,0,0,Nott'm Forest (Home),5
Van den Berg,DEF,Brentford,4.5,0.6,0.0,a,0,0,0,0,0,0,1,0.52,2.09,2.61,44.61,0,0,0,0,0,0,0,False,,,,0.0,0.0,0.0,0.0,0,0,0,0,Nott'm Forest (Home),5
Arthur,DEF,Brentford,4.0,0.8,0.0,a,0,0,0,0,0,0,0,0.0,0.0,0.0,0.0,0,0,0,0,0,0,0,False,,,,0.0,0.0,0.0,0.0,0,0,0,0,Nott'm Forest (Home),2
Fredrick,DEF,Brentford,4.0,0.7,0.0,a,0,0,0,0,0,0,0,0.0,0.0,0.0,0.0,0,0,0,0,0,0,0,False,,,,0.0,0.0,0.0,0.0,0,0,0,0,Nott'm Forest (Home),2
Hickey,DEF,Brentford,4.0,1.5,0.0,a,0,0,0,0,0,0,0,0.0,0.0,0.0,0.0,0,0,0,0,0,0,0,False,,,,0.0,0.0,0.0,0.0,0,0,0,0,Nott'm Forest (Home),2
Ji-soo,DEF,Brentford,4.0,0.7,0.0,a,0,0,0,0,0,0,0,0.0,0.0,0.0,0.32,0,0,0,0,0,0,0,False,,,,0.0,0.0,0.0,0.0,0,0,0,0,Nott'm Forest (Home),2
Meghoma,DEF,Brentford,4.0,0.7,0.0,a,0,0,0,0,0,0,0,0.0,0.0,0.0,0.14,0,0,0,0,0,0,0,False,,,,0.0,0.0,0.0,0.0,0,0,0,0,Nott'm Forest (Home),2
Mbeumo,MID,Brentford,8.0,16.1,0.0,a,0,0,0,0,0,20,9,9.24,12.52,21.75,55.4,0,0,0,0,0,0,0,False,,,,0.0,0.0,0.0,0.0,0,0,0,0,Nott'm Forest (Home),5
Schade,MID,Brentford,7.0,8.7,0.0,a,0,0,0,0,0,11,4,1.75,8.45,10.2,30.66,0,0,0,0,0,0,0,False,,,,0.0,0.0,0.0,0.0,0,0,0,0,Nott'm Forest (Home),5
Damsgaard,MID,Brentford,6.0,1.3,0.0,a,0,0,0,0,0,2,10,7.01,2.91,9.92,45.6,0,0,0,0,0,0,0,False,,,,0.0,0.0,0.0,0.0,0,0,0,0,Nott'm Forest (Home),5
Milambo,MID,Brentford,5.5,0.2,0.0,a,0,0,0,0,0,0,0,0.0,0.0,0.0,0.0,0,0,0,0,0,0,0,False,,,,0.0,0.0,0.0,0.0,0,0,0,0,Nott'm Forest (Home),3
Carvalho,MID,Brentford,5.0,0.6,0.0,a,0,0,0,0,0,2,1,0.54,2.49,3.03,11.46,0,0,0,0,0,0,0,False,,,,0.0,0.0,0.0,0.0,0,0,0,0,Nott'm Forest (Home),5
Henderson,MID,Brentford,5.0,0.6,0.0,a,0,0,0,0,0,0,0,0.0,0.0,0.0,0.0,0,0,0,0,0,0,0,False,,,,0.0,0.0,0.0,0.0,0,0,0,0,Nott'm Forest (Home),3
Janelt,MID,Brentford,5.0,0.3,0.0,a,0,0,0,0,0,1,3,2.38,0.83,3.21,37.37,0,0,0,0,0,0,0,False,,,,0.0,0.0,0.0,0.0,0,0,0,0,Nott'm Forest (Home),5
Jensen,MID,Brentford,5.0,0.3,0.0,a,0,0,0,0,0,0,2,1.75,0.23,1.98,16.41,0,0,0,0,0,0,0,False,,,,0.0,0.0,0.0,0.0,0,0,0,0,Nott'm Forest (Home),5
Nunes,MID,Brentford,5.0,0.2,0.0,a,0,0,0,0,0,0,0,0.0,0.0,0.0,0.35,0,0,0,0,0,0,0,False,,,,0.0,0.0,0.0,0.0,0,0,0,0,Nott'm Forest (Home),3
Onyeka,MID,Brentford,5.0,0.2,0.0,a,0,0,0,0,0,0,0,0.02,0.0,0.02,0.69,0,0,0,0,0,0,0,False,,,,0.0,0.0,0.0,0.0,0,0,0,0,Nott'm Forest (Home),3
Yarmoliuk,MID,Brentford,5.0,0.2,0.0,a,0,0,0,0,0,0,0,0.91,0.62,1.53,26.43,0,0,0,0,0,0,0,False,,,,0.0,0.0,0.0,0.0,0,0,0,0,Nott'm Forest (Home),5
Donovan,MID,Brentford,4.5,0.2,0.0,a,0,0,0,0,0,0,0,0.0,0.0,0.0,0.0,0,0,0,0,0,0,0,False,,,,0.0,0.0,0.0,0.0,0,0,0,0,Nott'm Forest (Home),2
Konak,MID,Brentford,4.5,0.2,0.0,a,0,0,0,0,0,0,0,0.0,0.15,0.15,1.79,0,0,0,0,0,0,0,False,,,,0.0,0.0,0.0,0.0,0,0,0,0,Nott'm Forest (Home),2
Maghoma,MID,Brentford,4.5,0.1,0.0,a,0,0,0,0,0,0,0,0.04,0.12,0.16,1.89,0,0,0,0,0,0,0,False,,,,0.0,0.0,0.0,0.0,0,0,0,0,Nott'm Forest (Home),2
Peart-Harris,MID,Brentford,4.5,0.1,0.0,a,0,0,0,0,0,0,0,0.0,0.0,0.0,0.0,0,0,0,0,0,0,0,False,,,,0.0,0.0,0.0,0.0,0,0,0,0,Nott'm Forest (Home),2
Trevitt,MID,Brentford,4.5,0.1,0.0,a,0,0,0,0,0,0,0,0.0,0.0,0.0,0.0,0,0,0,0,0,0,0,False,,,,0.0,0.0,0.0,0.0,0,0,0,0,Nott'm Forest (Home),2
Wissa,FWD,Brentford,7.5,13.9,0.0,a,0,0,0,0,0,18,6,2.2,18.58,20.77,45.12,0,0,0,0,0,0,0,False,,,,0.0,0.0,0.0,0.0,0,0,0,0,Nott'm Forest (Home),5
Thiago,FWD,Brentford,6.0,1.5,0.0,a,0,0,0,0,0,0,0,0.04,0.13,0.17,3.54,0,0,0,0,0,0,0,False,,,,0.0,0.0,0.0,0.0,0,0,0,0,Nott'm Forest (Home),3
Morgan,FWD,Brentford,4.5,0.9,0.0,a,0,0,0,0,0,0,0,0.0,0.0,0.0,0.0,0,0,0,0,0,0,0,False,,,,0.0,0.0,0.0,0.0,0,0,0,0,Nott'm Forest (Home),2
Steele,GKP,Brighton,4.5,0.6,0.0,a,0,0,0,0,0,0,0,0.0,0.0,0.0,1.88,0,0,0,0,0,0,0,False,,,,0.0,0.0,0.0,0.0,0,0,0,0,Fulham (Away),2
Verbruggen,GKP,Brighton,4.5,5.6,0.0,a,0,0,0,0,0,0,1,0.01,0.0,0.01,53.1,0,0,0,0,0,0,0,False,,,,0.0,0.0,0.0,0.0,0,0,0,0,Fulham (Away),5
McGill,GKP,Brighton,4.0,0.4,0.0,a,0,0,0,0,0,0,0,0.0,0.0,0.0,0.0,0,0,0,0,0,0,0,False,,,,0.0,0.0,0.0,0.0,0,0,0,0,Fulham (Away),2
Rushworth,GKP,Brighton,4.0,0.3,0.0,a,0,0,0,0,0,0,0,0.0,0.0,0.0,0.0,0,0,0,0,0,0,0,False,,,,0.0,0.0,0.0,0.0,0,0,0,0,Fulham (Away),2
Scherpen,GKP,Brighton,4.0,0.4,0.0,a,0,0,0,0,0,0,0,0.0,0.0,0.0,0.0,0,0,0,0,0,0,0,False,,,,0.0,0.0,0.0,0.0,0,0,0,0,Fulham (Away),2
Boscagli,DEF,Brighton,4.5,0.3,0.0,a,0,0,0,0,0,0,0,0.0,0.0,0.0,0.0,0,0,0,0,0,0,0,False,,,,0.0,0.0,0.0,0.0,0,0,0,0,Fulham (Away),2
Coppola,DEF,Brighton,4.5,0.3,0.0,a,0,0,0,0,0,0,0,0.0,0.0,0.0,0.0,0,0,0,0,0,0,0,False,,,,0.0,0.0,0.0,0.0,0,0,0,0,Fulham (Away),2
De Cuyper,DEF,Brighton,4.5,2.3,0.0,a,0,0,0,0,0,0,0,0.0,0.0,0.0,0.0,0,0,0,0,0,0,0,False,,,,0.0,0.0,0.0,0.0,0,0,0,0,Fulham (Away),2
Dunk,DEF,Brighton,4.5,0.9,0.0,a,0,0,0,0,0,0,1,1.02,0.81,1.83,35.69,0,0,0,0,0,0,0,False,,,,0.0,0.0,0.0,0.0,0,0,0,0,Fulham (Away),5
Estupiñan,DEF,Brighton,4.5,3.6,0.0,a,0,0,0,0,0,1,1,2.43,1.09,3.52,39.85,0,0,0,0,0,0,0,False,,,,0.0,0.0,0.0,0.0,0,0,0,0,Fulham (Away),5
F.Kadıoğlu,DEF,Brighton,4.5,0.6,0.0,a,0,0,0,0,0,1,0,0.31,0.44,0.75,9.44,0,0,0,0,0,0,0,False,,,,0.0,0.0,0.0,0.0,0,0,0,0,Fulham (Away),2
Igor,DEF,Brighton,4.5,0.2,0.0,a,0,0,0,0,0,0,0,0.25,0.05,0.3,17.21,0,0,0,0,0,0,0,False,,,,0.0,0.0,0.0,0.0,0,0,0,0,Fulham (Away),5
Lamptey,DEF,Brighton,4.5,0.3,0.0,a,0,0,0,0,0,2,2,0.8,0.38,1.18,15.36,0,0,0,0,0,0,0,False,,,,0.0,0.0,0.0,0.0,0,0,0,0,Fulham (Away),5
Van Hecke,DEF,Brighton,4.5,1.4,0.0,a,0,0,0,0,0,1,1,1.41,1.32,2.73,44.67,0,0,0,0,0,0,0,False,,,,0.0,0.0,0.0,0.0,0,0,0,0,Fulham (Away),5
Veltman,DEF,Brighton,4.5,0.3,0.0,a,0,0,0,0,0,0,0,1.31,0.47,1.78,24.83,0,0,0,0,0,0,0,False,,,,0.0,0.0,0.0,0.0,0,0,0,0,Fulham (Away),5
Webster,DEF,Brighton,4.5,0.2,0.0,a,0,0,0,0,0,0,1,0.28,0.25,0.53,14.26,0,0,0,0,0,0,0,False,,,,0.0,0.0,0.0,0.0,0,0,0,0,Fulham (Away),5
Cashin,DEF,Brighton,4.0,0.8,0.0,a,0,0,0,0,0,0,0,0.0,0.0,0.0,0.44,0,0,0,0,0,0,0,False,,,,0.0,0.0,0.0,0.0,0,0,0,0,Fulham (Away),2
Slater,DEF,Brighton,4.0,0.6,0.0,a,0,0,0,0,0,0,0,0.0,0.0,0.0,0.0,0,0,0,0,0,0,0,False,,,,0.0,0.0,0.0,0.0,0,0,0,0,Fulham (Away),2
Tasker,DEF,Brighton,4.0,0.6,0.0,a,0,0,0,0,0,0,0,0.0,0.0,0.0,0.0,0,0,0,0,0,0,0,False,,,,0.0,0.0,0.0,0.0,0,0,0,0,Fulham (Away),2
Mitoma,MID,Brighton,6.5,3.8,0.0,a,0,0,0,0,0,10,5,4.03,9.19,13.22,37.05,0,0,0,0,0,0,0,False,,,,0.0,0.0,0.0,0.0,0,0,0,0,Fulham (Away),5
Georginio,MID,Brighton,6.0,0.9,0.0,a,0,0,0,0,0,5,6,1.67,4.57,6.24,27.9,0,0,0,0,0,0,0,False,,,,0.0,0.0,0.0,0.0,0,0,0,0,Fulham (Away),5
March,MID,Brighton,6.0,0.2,0.0,a,0,0,0,0,0,0,0,0.32,0.09,0.41,2.82,0,0,0,0,0,0,0,False,,,,0.0,0.0,0.0,0.0,0,0,0,0,Fulham (Away),3
Minteh,MID,Brighton,6.0,1.0,0.0,a,0,0,0,0,0,6,5,4.99,4.13,9.12,28.41,0,0,0,0,0,0,0,False,,,,0.0,0.0,0.0,0.0,0,0,0,0,Fulham (Away),5
Enciso,MID,Brighton,5.5,0.3,0.0,a,0,0,0,0,0,2,3,1.32,2.82,4.14,22.1,0,0,0,0,0,0,0,False,,,,0.0,0.0,0.0,0.0,0,0,0,0,Fulham (Away),5
Gruda,MID,Brighton,5.5,0.2,0.0,a,0,0,0,0,0,1,4,1.93,1.15,3.08,12.66,0,0,0,0,0,0,0,False,,,,0.0,0.0,0.0,0.0,0,0,0,0,Fulham (Away),5
Hinshelwood,MID,Brighton,5.5,0.3,0.0,a,0,0,0,0,0,5,3,1.5,2.74,4.24,30.09,0,0,0,0,0,0,0,False,,,,0.0,0.0,0.0,0.0,0,0,0,0,Fulham (Away),5
O'Riley,MID,Brighton,5.5,0.2,0.0,a,0,0,0,0,0,2,3,2.04,2.76,4.8,14.27,0,0,0,0,0,0,0,False,,,,0.0,0.0,0.0,0.0,0,0,0,0,Fulham (Away),5
Sima,MID,Brighton,5.5,0.1,0.0,a,0,0,0,0,0,0,0,0.0,0.0,0.0,0.0,0,0,0,0,0,0,0,False,,,,0.0,0.0,0.0,0.0,0,0,0,0,Fulham (Away),3
Ayari,MID,Brighton,5.0,0.3,0.0,a,0,0,0,0,0,2,1,2.62,2.51,5.13,30.15,0,0,0,0,0,0,0,False,,,,0.0,0.0,0.0,0.0,0,0,0,0,Fulham (Away),5
Baleba,MID,Brighton,5.0,2.6,0.0,a,0,0,0,0,0,3,1,1.21,3.1,4.31,39.54,0,0,0,0,0,0,0,False,,,,0.0,0.0,0.0,0.0,0,0,0,0,Fulham (Away),5
Buonanotte,MID,Brighton,5.0,0.6,0.0,a,0,0,0,0,0,5,2,2.29,4.01,6.3,29.23,0,0,0,0,0,0,0,False,,,,0.0,0.0,0.0,0.0,0,0,0,0,Fulham (Away),5
Gomez,MID,Brighton,5.0,0.2,0.0,a,0,0,0,0,0,1,1,1.16,0.82,1.98,9.28,0,0,0,0,0,0,0,False,,,,0.0,0.0,0.0,0.0,0,0,0,0,Fulham (Away),3
Milner,MID,Brighton,5.0,0.2,0.0,a,0,0,0,0,0,0,0,0.15,0.16,0.31,1.98,0,0,0,0,0,0,0,False,,,,0.0,0.0,0.0,0.0,0,0,0,0,Fulham (Away),3
Sarmiento,MID,Brighton,5.0,0.2,0.0,a,0,0,0,0,0,0,0,0.0,0.0,0.0,0.0,0,0,0,0,0,0,0,False,,,,0.0,0.0,0.0,0.0,0,0,0,0,Fulham (Away),3
Watson,MID,Brighton,5.0,0.2,0.0,a,0,0,0,0,0,0,0,0.0,0.0,0.0,0.0,0,0,0,0,0,0,0,False,,,,0.0,0.0,0.0,0.0,0,0,0,0,Fulham (Away),3
Wieffer,MID,Brighton,5.0,0.2,0.0,a,0,0,0,0,0,1,5,1.0,0.8,1.8,18.89,0,0,0,0,0,0,0,False,,,,0.0,0.0,0.0,0.0,0,0,0,0,Fulham (Away),5
Yalcouye,MID,Brighton,5.0,0.2,0.0,a,0,0,0,0,0,0,0,0.0,0.0,0.0,0.0,0,0,0,0,0,0,0,False,,,,0.0,0.0,0.0,0.0,0,0,0,0,Fulham (Away),3
Knight,MID,Brighton,4.5,0.3,0.0,a,0,0,0,0,0,0,0,0.0,0.0,0.0,0.0,0,0,0,0,0,0,0,False,,,,0.0,0.0,0.0,0.0,0,0,0,0,Fulham (Away),2
Mazilu,MID,Brighton,4.5,0.1,0.0,a,0,0,0,0,0,0,0,0.0,0.0,0.0,0.0,0,0,0,0,0,0,0,False,,,,0.0,0.0,0.0,0.0,0,0,0,0,Fulham (Away),2
Moran,MID,Brighton,4.5,0.1,0.0,a,0,0,0,0,0,0,0,0.0,0.0,0.0,0.0,0,0,0,0,0,0,0,False,,,,0.0,0.0,0.0,0.0,0,0,0,0,Fulham (Away),2
Welbeck,FWD,Brighton,6.5,5.2,0.0,a,0,0,0,0,0,10,5,1.36,9.58,10.94,37.4,0,0,0,0,0,0,0,False,,,,0.0,0.0,0.0,0.0,0,0,0,0,Fulham (Away),5
Ferguson,FWD,Brighton,5.5,0.6,0.0,a,0,0,0,0,0,1,0,0.66,1.13,1.79,6.39,0,0,0,0,0,0,0,False,,,,0.0,0.0,0.0,0.0,0,0,0,0,Fulham (Away),3
Tzimas,FWD,Brighton,5.5,0.2,0.0,a,0,0,0,0,0,0,0,0.0,0.0,0.0,0.0,0,0,0,0,0,0,0,False,,,,0.0,0.0,0.0,0.0,0,0,0,0,Fulham (Away),3
Kostoulas,FWD,Brighton,5.0,1.4,0.0,a,0,0,0,0,0,0,0,0.0,0.0,0.0,0.0,0,0,0,0,0,0,0,False,,,,0.0,0.0,0.0,0.0,0,0,0,0,Fulham (Away),3
Sánchez,GKP,Chelsea,5.0,7.5,0.0,a,0,0,0,0,0,0,0,0.02,0.0,0.02,38.55,0,0,0,0,0,0,0,False,,,,0.0,0.0,0.0,0.0,0,0,0,0,Crystal Palace (Away),5
Jörgensen,GKP,Chelsea,4.5,0.4,0.0,a,0,0,0,0,0,0,0,0.0,0.0,0.0,8.83,0,0,0,0,0,0,0,False,,,,0.0,0.0,0.0,0.0,0,0,0,0,Crystal Palace (Away),2
Penders,GKP,Chelsea,4.0,0.3,0.0,a,0,0,0,0,0,0,0,0.0,0.0,0.0,0.0,0,0,0,0,0,0,0,False,,,,0.0,0.0,0.0,0.0,0,0,0,0,Crystal Palace (Away),2
Slonina,GKP,Chelsea,4.0,0.3,0.0,a,0,0,0,0,0,0,0,0.0,0.0,0.0,0.0,0,0,0,0,0,0,0,False,,,,0.0,0.0,0.0,0.0,0,0,0,0,Crystal Palace (Away),2
Cucurella,DEF,Chelsea,6.0,28.1,0.0,a,0,0,0,0,0,5,2,2.39,2.79,5.18,39.94,0,0,0,0,0,0,0,False,,,,0.0,0.0,0.0,0.0,0,0,0,0,Crystal Palace (Away),5
James,DEF,Chelsea,5.5,3.7,0.0,a,0,0,0,0,0,1,2,1.15,0.45,1.6,16.1,0,0,0,0,0,0,0,False,,,,0.0,0.0,0.0,0.0,0,0,0,0,Crystal Palace (Away),5
Chalobah,DEF,Chelsea,5.0,0.7,0.0,a,0,0,0,0,0,3,1,0.64,1.98,2.62,27.15,0,0,0,0,0,0,0,False,,,,0.0,0.0,0.0,0.0,0,0,0,0,Crystal Palace (Away),5
Colwill,DEF,Chelsea,5.0,4.5,0.0,a,0,0,0,0,0,2,1,1.31,1.92,3.23,43.52,0,0,0,0,0,0,0,False,,,,0.0,0.0,0.0,0.0,0,0,0,0,Crystal Palace (Away),5
Gusto,DEF,Chelsea,5.0,2.4,0.0,a,0,0,0,0,0,0,1,1.91,1.44,3.35,27.43,0,0,0,0,0,0,0,False,,,,0.0,0.0,0.0,0.0,0,0,0,0,Crystal Palace (Away),5
B.Badiashile,DEF,Chelsea,4.5,0.2,0.0,a,0,0,0,0,0,0,0,0.08,0.0,0.08,5.34,0,0,0,0,0,0,0,False,,,,0.0,0.0,0.0,0.0,0,0,0,0,Crystal Palace (Away),2
Fofana,DEF,Chelsea,4.5,0.3,0.0,a,0,0,0,0,0,0,0,0.18,0.44,0.62,14.76,0,0,0,0,0,0,0,False,,,,0.0,0.0,0.0,0.0,0,0,0,0,Crystal Palace (Away),5
M.Sarr,DEF,Chelsea,4.5,0.2,0.0,a,0,0,0,0,0,0,0,0.0,0.0,0.0,0.0,0,0,0,0,0,0,0,False,,,,0.0,0.0,0.0,0.0,0,0,0,0,Crystal Palace (Away),2
Tosin,DEF,Chelsea,4.5,0.6,0.0,a,0,0,0,0,0,1,1,0.23,0.93,1.16,19.62,0,0,0,0,0,0,0,False,,,,0.0,0.0,0.0,0.0,0,0,0,0,Crystal Palace (Away),5
Acheampong,DEF,Chelsea,4.0,0.7,0.0,a,0,0,0,0,0,0,0,0.01,0.22,0.23,2.09,0,0,0,0,0,0,0,False,,,,0.0,0.0,0.0,0.0,0,0,0,0,Crystal Palace (Away),2
Anselmino,DEF,Chelsea,4.0,0.6,0.0,a,0,0,0,0,0,0,0,0.0,0.0,0.0,0.0,0,0,0,0,0,0,0,False,,,,0.0,0.0,0.0,0.0,0,0,0,0,Crystal Palace (Away),2
Palmer,MID,Chelsea,10.5,36.8,0.0,a,0,0,0,0,0,15,10,9.53,16.79,26.32,43.88,0,0,0,0,0,0,0,False,,,,0.0,0.0,0.0,0.0,0,0,0,0,Crystal Palace (Away),5
Neto,MID,Chelsea,7.0,11.1,0.0,a,0,0,0,0,0,4,6,4.47,3.48,7.95,27.98,0,0,0,0,0,0,0,False,,,,0.0,0.0,0.0,0.0,0,0,0,0,Crystal Palace (Away),5
Enzo,MID,Chelsea,6.5,3.3,0.0,a,0,0,0,0,0,6,8,6.11,6.23,12.34,38.06,0,0,0,0,0,0,0,False,,,,0.0,0.0,0.0,0.0,0,0,0,0,Crystal Palace (Away),5
Estêvão,MID,Chelsea,6.5,0.4,0.0,a,0,0,0,0,0,0,0,0.0,0.0,0.0,0.0,0,0,0,0,0,0,0,False,,,,0.0,0.0,0.0,0.0,0,0,0,0,Crystal Palace (Away),3
Gittens,MID,Chelsea,6.5,0.4,0.0,a,0,0,0,0,0,0,0,0.0,0.0,0.0,0.0,0,0,0,0,0,0,0,False,,,,0.0,0.0,0.0,0.0,0,0,0,0,Crystal Palace (Away),3
Nkunku,MID,Chelsea,6.0,0.2,0.0,a,0,0,0,0,0,3,2,1.01,5.11,6.12,16.25,0,0,0,0,0,0,0,False,,,,0.0,0.0,0.0,0.0,0,0,0,0,Crystal Palace (Away),5
Caicedo,MID,Chelsea,5.5,5.2,0.0,a,0,0,0,0,0,1,4,2.82,0.81,3.63,45.42,0,0,0,0,0,0,0,False,,,,0.0,0.0,0.0,0.0,0,0,0,0,Crystal Palace (Away),5
Dewsbury-Hall,MID,Chelsea,5.0,0.2,0.0,a,0,0,0,0,0,0,1,0.22,0.22,0.44,3.88,0,0,0,0,0,0,0,False,,,,0.0,0.0,0.0,0.0,0,0,0,0,Crystal Palace (Away),3
George,MID,Chelsea,5.0,0.2,0.0,a,0,0,0,0,0,1,1,0.26,0.2,0.46,1.41,0,0,0,0,0,0,0,False,,,,0.0,0.0,0.0,0.0,0,0,0,0,Crystal Palace (Away),3
Lavia,MID,Chelsea,5.0,0.3,0.0,a,0,0,0,0,0,0,1,0.38,0.25,0.63,14.33,0,0,0,0,0,0,0,False,,,,0.0,0.0,0.0,0.0,0,0,0,0,Crystal Palace (Away),5
Mudryk,MID,Chelsea,5.0,0.0,0.0,s,0,0,0,0,0,0,0,0.66,0.24,0.9,3.28,0,0,0,0,0,0,0,False,,,,0.0,0.0,0.0,0.0,0,0,0,0,Crystal Palace (Away),3
Andrey Santos,MID,Chelsea,4.5,0.6,0.0,a,0,0,0,0,0,0,0,0.0,0.0,0.0,0.0,0,0,0,0,0,0,0,False,,,,0.0,0.0,0.0,0.0,0,0,0,0,Crystal Palace (Away),2
D.Essugo,MID,Chelsea,4.5,0.1,0.0,a,0,0,0,0,0,0,0,0.0,0.0,0.0,0.0,0,0,0,0,0,0,0,False,,,,0.0,0.0,0.0,0.0,0,0,0,0,Crystal Palace (Away),2
Paez,MID,Chelsea,4.5,0.1,0.0,a,0,0,0,0,0,0,0,0.0,0.0,0.0,0.0,0,0,0,0,0,0,0,False,,,,0.0,0.0,0.0,0.0,0,0,0,0,Crystal Palace (Away),2
João Pedro,FWD,Chelsea,7.5,47.1,0.0,a,0,0,0,0,0,10,6,3.1,8.96,12.06,25.51,0,0,0,0,0,0,0,False,,,,0.0,0.0,0.0,0.0,0,0,0,0,Crystal Palace (Away),5
Delap,FWD,Chelsea,6.5,4.8,0.0,a,0,0,0,0,0,12,2,1.38,9.44,10.82,53.6,0,0,0,0,0,0,0,False,,,,0.0,0.0,0.0,0.0,0,0,0,0,Crystal Palace (Away),5
N.Jackson,FWD,Chelsea,6.5,0.0,0.0,s,0,0,0,0,0,10,6,1.9,11.68,13.58,28.47,0,0,0,0,0,0,0,False,,,,0.0,0.0,0.0,0.0,0,0,0,0,Crystal Palace (Away),5
Marc Guiu,FWD,Chelsea,4.5,1.2,0.0,a,0,0,0,0,0,0,0,0.02,0.0,0.02,1.46,0,0,0,0,0,0,0,False,,,,0.0,0.0,0.0,0.0,0,0,0,0,Crystal Palace (Away),2
Henderson,GKP,Crystal Palace,5.0,3.8,0.0,a,0,0,0,0,0,0,0,0.02,0.01,0.03,50.33,0,0,0,0,0,0,0,False,,,,0.0,0.0,0.0,0.0,0,0,0,0,Chelsea (Home),5
Benitez,GKP,Crystal Palace,4.0,0.8,0.0,a,0,0,0,0,0,0,0,0.0,0.0,0.0,0.0,0,0,0,0,0,0,0,False,,,,0.0,0.0,0.0,0.0,0,0,0,0,Chelsea (Home),2
Matthews,GKP,Crystal Palace,4.0,0.3,0.0,a,0,0,0,0,0,0,0,0.0,0.0,0.0,0.0,0,0,0,0,0,0,0,False,,,,0.0,0.0,0.0,0.0,0,0,0,0,Chelsea (Home),2
Muñoz,DEF,Crystal Palace,5.5,8.8,0.0,a,0,0,0,0,0,4,6,3.46,4.92,8.38,46.3,0,0,0,0,0,0,0,False,,,,0.0,0.0,0.0,0.0,0,0,0,0,Chelsea (Home),5
Lacroix,DEF,Crystal Palace,5.0,0.8,0.0,a,0,0,0,0,0,1,2,1.01,3.5,4.51,44.59,0,0,0,0,0,0,0,False,,,,0.0,0.0,0.0,0.0,0,0,0,0,Chelsea (Home),5
Mitchell,DEF,Crystal Palace,5.0,0.9,0.0,a,0,0,0,0,0,0,6,3.67,1.31,4.98,46.45,0,0,0,0,0,0,0,False,,,,0.0,0.0,0.0,0.0,0,0,0,0,Chelsea (Home),5
Sosa,DEF,Crystal Palace,5.0,0.3,0.0,a,0,0,0,0,0,0,0,0.0,0.0,0.0,0.0,0,0,0,0,0,0,0,False,,,,0.0,0.0,0.0,0.0,0,0,0,0,Chelsea (Home),3
Guéhi,DEF,Crystal Palace,4.5,8.9,0.0,a,0,0,0,0,0,3,2,2.01,1.87,3.88,41.55,0,0,0,0,0,0,0,False,,,,0.0,0.0,0.0,0.0,0,0,0,0,Chelsea (Home),5
Richards,DEF,Crystal Palace,4.5,0.3,0.0,a,0,0,0,0,0,1,1,0.6,1.33,1.93,29.78,0,0,0,0,0,0,0,False,,,,0.0,0.0,0.0,0.0,0,0,0,0,Chelsea (Home),5
Chadi Riad,DEF,Crystal Palace,4.0,0.0,0.0,i,0,0,0,0,0,0,0,0.02,0.0,0.02,1.39,0,0,0,0,0,0,0,False,,,,0.0,0.0,0.0,0.0,0,0,0,0,Chelsea (Home),2
Clyne,DEF,Crystal Palace,4.0,1.3,0.0,a,0,0,0,0,0,0,0,0.24,0.02,0.26,10.11,0,0,0,0,0,0,0,False,,,,0.0,0.0,0.0,0.0,0,0,0,0,Chelsea (Home),2
Holding,DEF,Crystal Palace,4.0,0.8,0.0,a,0,0,0,0,0,0,0,0.0,0.0,0.0,0.0,0,0,0,0,0,0,0,False,,,,0.0,0.0,0.0,0.0,0,0,0,0,Chelsea (Home),2
Kporha,DEF,Crystal Palace,4.0,0.6,0.0,a,0,0,0,0,0,0,0,0.02,0.0,0.02,0.06,0,0,0,0,0,0,0,False,,,,0.0,0.0,0.0,0.0,0,0,0,0,Chelsea (Home),2
Eze,MID,Crystal Palace,7.5,6.6,0.0,a,0,0,0,0,0,8,8,4.67,10.39,15.06,35.03,0,0,0,0,0,0,0,False,,,,0.0,0.0,0.0,0.0,0,0,0,0,Chelsea (Home),5
Sarr,MID,Crystal Palace,6.5,1.8,0.0,a,0,0,0,0,0,8,7,6.82,10.82,17.64,38.63,0,0,0,0,0,0,0,False,,,,0.0,0.0,0.0,0.0,0,0,0,0,Chelsea (Home),5
Doucouré,MID,Crystal Palace,5.0,0.0,0.0,i,0,0,0,0,0,0,1,0.11,0.4,0.51,7.53,0,0,0,0,0,0,0,False,,,,0.0,0.0,0.0,0.0,0,0,0,0,Chelsea (Home),3
Esse,MID,Crystal Palace,5.0,0.4,0.0,a,0,0,0,0,0,1,2,0.39,0.32,0.71,2.15,0,0,0,0,0,0,0,False,,,,0.0,0.0,0.0,0.0,0,0,0,0,Chelsea (Home),3
Hughes,MID,Crystal Palace,5.0,0.2,0.0,a,0,0,0,0,0,0,4,2.64,1.09,3.73,31.64,0,0,0,0,0,0,0,False,,,,0.0,0.0,0.0,0.0,0,0,0,0,Chelsea (Home),5
Kamada,MID,Crystal Palace,5.0,0.2,0.0,a,0,0,0,0,0,0,0,1.55,1.12,2.67,25.74,0,0,0,0,0,0,0,False,,,,0.0,0.0,0.0,0.0,0,0,0,0,Chelsea (Home),5
Lerma,MID,Crystal Palace,5.0,0.2,0.0,a,0,0,0,0,0,0,1,1.75,1.07,2.82,33.55,0,0,0,0,0,0,0,False,,,,0.0,0.0,0.0,0.0,0,0,0,0,Chelsea (Home),5
Wharton,MID,Crystal Palace,5.0,0.9,0.0,a,0,0,0,0,0,0,2,2.17,0.38,2.55,19.34,0,0,0,0,0,0,0,False,,,,0.0,0.0,0.0,0.0,0,0,0,0,Chelsea (Home),5
Agbinone,MID,Crystal Palace,4.5,0.1,0.0,a,0,0,0,0,0,0,0,0.01,0.02,0.03,0.0,0,0,0,0,0,0,0,False,,,,0.0,0.0,0.0,0.0,0,0,0,0,Chelsea (Home),2
Ahamada,MID,Crystal Palace,4.5,0.1,0.0,a,0,0,0,0,0,0,0,0.0,0.0,0.0,0.0,0,0,0,0,0,0,0,False,,,,0.0,0.0,0.0,0.0,0,0,0,0,Chelsea (Home),2
Devenny,MID,Crystal Palace,4.5,1.3,0.0,a,0,0,0,0,0,1,1,0.41,0.77,1.18,9.3,0,0,0,0,0,0,0,False,,,,0.0,0.0,0.0,0.0,0,0,0,0,Chelsea (Home),2
Ebiowei,MID,Crystal Palace,4.5,0.1,0.0,a,0,0,0,0,0,0,0,0.0,0.0,0.0,0.0,0,0,0,0,0,0,0,False,,,,0.0,0.0,0.0,0.0,0,0,0,0,Chelsea (Home),2
J.Rak-Sakyi,MID,Crystal Palace,4.5,0.3,0.0,a,0,0,0,0,0,0,0,0.0,0.0,0.0,0.0,0,0,0,0,0,0,0,False,,,,0.0,0.0,0.0,0.0,0,0,0,0,Chelsea (Home),2
M.França,MID,Crystal Palace,4.5,0.3,0.0,a,0,0,0,0,0,1,0,0.18,0.28,0.46,0.4,0,0,0,0,0,0,0,False,,,,0.0,0.0,0.0,0.0,0,0,0,0,Chelsea (Home),2
Ozoh,MID,Crystal Palace,4.5,0.1,0.0,a,0,0,0,0,0,0,0,0.0,0.0,0.0,0.0,0,0,0,0,0,0,0,False,,,,0.0,0.0,0.0,0.0,0,0,0,0,Chelsea (Home),2
Rodney,MID,Crystal Palace,4.5,0.1,0.0,a,0,0,0,0,0,0,0,0.0,0.0,0.0,0.0,0,0,0,0,0,0,0,False,,,,0.0,0.0,0.0,0.0,0,0,0,0,Chelsea (Home),2
Umeh,MID,Crystal Palace,4.5,0.1,0.0,a,0,0,0,0,0,0,0,0.0,0.0,0.0,0.0,0,0,0,0,0,0,0,False,,,,0.0,0.0,0.0,0.0,0,0,0,0,Chelsea (Home),2
Mateta,FWD,Crystal Palace,7.5,10.7,0.0,a,0,0,0,0,0,14,2,2.28,13.77,16.05,37.94,0,0,0,0,0,0,0,False,,,,0.0,0.0,0.0,0.0,0,0,0,0,Chelsea (Home),5
Nketiah,FWD,Crystal Palace,5.5,0.9,0.0,a,0,0,0,0,0,3,2,0.83,5.94,6.77,14.29,0,0,0,0,0,0,0,False,,,,0.0,0.0,0.0,0.0,0,0,0,0,Chelsea (Home),5
Édouard,FWD,Crystal Palace,5.0,1.1,0.0,a,0,0,0,0,0,0,0,0.07,0.39,0.46,3.72,0,0,0,0,0,0,0,False,,,,0.0,0.0,0.0,0.0,0,0,0,0,Chelsea (Home),3
Marsh,FWD,Crystal Palace,4.5,0.7,0.0,a,0,0,0,0,0,0,0,0.0,0.0,0.0,0.0,0,0,0,0,0,0,0,False,,,,0.0,0.0,0.0,0.0,0,0,0,0,Chelsea (Home),2
Pickford,GKP,Everton,5.5,22.5,0.0,a,0,0,0,0,0,0,1,0.22,0.0,0.22,46.11,0,0,0,0,0,0,0,False,,,,0.0,0.0,0.0,0.0,0,0,0,0,Leeds (Home),5
Travers,GKP,Everton,4.5,0.5,0.0,a,0,0,0,0,0,0,0,0.01,0.0,0.01,7.36,0,0,0,0,0,0,0,False,,,,0.0,0.0,0.0,0.0,0,0,0,0,Leeds (Home),2
Tyrer,GKP,Everton,4.0,0.4,0.0,a,0,0,0,0,0,0,0,0.0,0.0,0.0,0.0,0,0,0,0,0,0,0,False,,,,0.0,0.0,0.0,0.0,0,0,0,0,Leeds (Home),2
Branthwaite,DEF,Everton,5.5,1.9,0.0,a,0,0,0,0,0,0,1,0.61,1.2,1.81,29.83,0,0,0,0,0,0,0,False,,,,0.0,0.0,0.0,0.0,0,0,0,0,Leeds (Home),5
Tarkowski,DEF,Everton,5.5,5.6,0.0,a,0,0,0,0,0,1,1,2.33,1.32,3.65,39.3,0,0,0,0,0,0,0,False,,,,0.0,0.0,0.0,0.0,0,0,0,0,Leeds (Home),5
Mykolenko,DEF,Everton,5.0,4.9,0.0,a,0,0,0,0,0,1,3,2.12,0.48,2.6,39.81,0,0,0,0,0,0,0,False,,,,0.0,0.0,0.0,0.0,0,0,0,0,Leeds (Home),5
O'Brien,DEF,Everton,5.0,0.7,0.0,a,0,0,0,0,0,2,0,0.31,0.77,1.08,18.63,0,0,0,0,0,0,0,False,,,,0.0,0.0,0.0,0.0,0,0,0,0,Leeds (Home),5
Coleman,DEF,Everton,4.5,0.3,0.0,a,0,0,0,0,0,0,0,0.03,0.62,0.65,4.45,0,0,0,0,0,0,0,False,,,,0.0,0.0,0.0,0.0,0,0,0,0,Leeds (Home),2
Keane,DEF,Everton,4.5,0.4,0.0,a,0,0,0,0,0,3,0,0.02,0.61,0.63,19.16,0,0,0,0,0,0,0,False,,,,0.0,0.0,0.0,0.0,0,0,0,0,Leeds (Home),5
Patterson,DEF,Everton,4.5,0.3,0.0,a,0,0,0,0,0,0,1,0.38,0.07,0.45,4.48,0,0,0,0,0,0,0,False,,,,0.0,0.0,0.0,0.0,0,0,0,0,Leeds (Home),2
Dixon,DEF,Everton,4.0,0.7,0.0,a,0,0,0,0,0,0,0,0.0,0.0,0.0,2.43,0,0,0,0,0,0,0,False,,,,0.0,0.0,0.0,0.0,0,0,0,0,Leeds (Home),2
Welch,DEF,Everton,4.0,0.6,0.0,a,0,0,0,0,0,0,0,0.0,0.0,0.0,0.0,0,0,0,0,0,0,0,False,,,,0.0,0.0,0.0,0.0,0,0,0,0,Leeds (Home),2
Ndiaye,MID,Everton,6.5,4.9,0.0,a,0,0,0,0,0,9,0,1.36,6.23,7.59,29.01,0,0,0,0,0,0,0,False,,,,0.0,0.0,0.0,0.0,0,0,0,0,Leeds (Home),5
McNeil,MID,Everton,6.0,1.2,0.0,a,0,0,0,0,0,4,8,4.49,1.05,5.53,21.12,0,0,0,0,0,0,0,False,,,,0.0,0.0,0.0,0.0,0,0,0,0,Leeds (Home),5
Alcaraz,MID,Everton,5.5,0.4,0.0,a,0,0,0,0,0,2,3,0.68,1.78,2.46,11.33,0,0,0,0,0,0,0,False,,,,0.0,0.0,0.0,0.0,0,0,0,0,Leeds (Home),5
Gana,MID,Everton,5.5,0.2,0.0,a,0,0,0,0,0,0,3,1.99,1.15,3.14,39.88,0,0,0,0,0,0,0,False,,,,0.0,0.0,0.0,0.0,0,0,0,0,Leeds (Home),5
Garner,MID,Everton,5.0,0.2,0.0,a,0,0,0,0,0,0,1,1.37,0.67,2.04,19.71,0,0,0,0,0,0,0,False,,,,0.0,0.0,0.0,0.0,0,0,0,0,Leeds (Home),5
Iroegbunam,MID,Everton,5.0,0.2,0.0,a,0,0,0,0,0,0,1,0.14,0.23,0.37,12.25,0,0,0,0,0,0,0,False,,,,0.0,0.0,0.0,0.0,0,0,0,0,Leeds (Home),3
Armstrong,MID,Everton,4.5,0.4,0.0,a,0,0,0,0,0,0,0,0.0,0.37,0.37,0.45,0,0,0,0,0,0,0,False,,,,0.0,0.0,0.0,0.0,0,0,0,0,Leeds (Home),2
Bates,MID,Everton,4.5,0.1,0.0,a,0,0,0,0,0,0,0,0.0,0.0,0.0,0.0,0,0,0,0,0,0,0,False,,,,0.0,0.0,0.0,0.0,0,0,0,0,Leeds (Home),2
Ebere,MID,Everton,4.5,0.1,0.0,a,0,0,0,0,0,0,0,0.0,0.0,0.0,0.0,0,0,0,0,0,0,0,False,,,,0.0,0.0,0.0,0.0,0,0,0,0,Leeds (Home),2
Heath,MID,Everton,4.5,0.1,0.0,a,0,0,0,0,0,0,0,0.0,0.0,0.0,0.0,0,0,0,0,0,0,0,False,,,,0.0,0.0,0.0,0.0,0,0,0,0,Leeds (Home),2
Metcalfe,MID,Everton,4.5,0.1,0.0,a,0,0,0,0,0,0,0,0.0,0.0,0.0,0.0,0,0,0,0,0,0,0,False,,,,0.0,0.0,0.0,0.0,0,0,0,0,Leeds (Home),2
Barry,FWD,Everton,6.0,3.4,0.0,a,0,0,0,0,0,0,0,0.0,0.0,0.0,0.0,0,0,0,0,0,0,0,False,,,,0.0,0.0,0.0,0.0,0,0,0,0,Leeds (Home),3
Beto,FWD,Everton,5.5,8.9,0.0,a,0,0,0,0,0,8,0,0.44,7.89,8.33,18.8,0,0,0,0,0,0,0,False,,,,0.0,0.0,0.0,0.0,0,0,0,0,Leeds (Home),5
Y.Chermiti,FWD,Everton,5.0,0.6,0.0,a,0,0,0,0,0,0,0,0.0,0.11,0.11,0.47,0,0,0,0,0,0,0,False,,,,0.0,0.0,0.0,0.0,0,0,0,0,Leeds (Home),3
Sherif,FWD,Everton,4.5,0.7,0.0,a,0,0,0,0,0,0,0,0.0,0.0,0.0,0.0,0,0,0,0,0,0,0,False,,,,0.0,0.0,0.0,0.0,0,0,0,0,Leeds (Home),2
Leno,GKP,Fulham,5.0,2.4,0.0,a,0,0,0,0,0,0,2,0.03,0.0,0.03,47.75,0,0,0,0,0,0,0,False,,,,0.0,0.0,0.0,0.0,0,0,0,0,Brighton (Home),5
Benda,GKP,Fulham,4.0,0.5,0.0,a,0,0,0,0,0,0,0,0.0,0.0,0.0,0.0,0,0,0,0,0,0,0,False,,,,0.0,0.0,0.0,0.0,0,0,0,0,Brighton (Home),2
Robinson,DEF,Fulham,5.0,5.7,0.0,a,0,0,0,0,0,0,10,4.17,0.7,4.87,44.79,0,0,0,0,0,0,0,False,,,,0.0,0.0,0.0,0.0,0,0,0,0,Brighton (Home),5
Andersen,DEF,Fulham,4.5,0.8,0.0,a,0,0,0,0,0,0,0,0.57,1.04,1.61,37.85,0,0,0,0,0,0,0,False,,,,0.0,0.0,0.0,0.0,0,0,0,0,Brighton (Home),5
Bassey,DEF,Fulham,4.5,0.5,0.0,a,0,0,0,0,0,1,0,0.42,1.02,1.44,39.22,0,0,0,0,0,0,0,False,,,,0.0,0.0,0.0,0.0,0,0,0,0,Brighton (Home),5
Castagne,DEF,Fulham,4.5,0.3,0.0,a,0,0,0,0,0,0,1,0.56,0.38,0.94,22.39,0,0,0,0,0,0,0,False,,,,0.0,0.0,0.0,0.0,0,0,0,0,Brighton (Home),5
Diop,DEF,Fulham,4.5,0.2,0.0,a,0,0,0,0,0,0,0,0.07,0.51,0.58,19.98,0,0,0,0,0,0,0,False,,,,0.0,0.0,0.0,0.0,0,0,0,0,Brighton (Home),5
J.Cuenca,DEF,Fulham,4.5,0.2,0.0,a,0,0,0,0,0,0,0,0.01,0.02,0.03,8.99,0,0,0,0,0,0,0,False,,,,0.0,0.0,0.0,0.0,0,0,0,0,Brighton (Home),2
Tete,DEF,Fulham,4.5,0.3,0.0,a,0,0,0,0,0,0,2,0.65,1.37,2.02,25.5,0,0,0,0,0,0,0,False,,,,0.0,0.0,0.0,0.0,0,0,0,0,Brighton (Home),5
Amissah,DEF,Fulham,4.0,0.7,0.0,a,0,0,0,0,0,0,0,0.0,0.0,0.0,0.0,0,0,0,0,0,0,0,False,,,,0.0,0.0,0.0,0.0,0,0,0,0,Brighton (Home),2
Iwobi,MID,Fulham,6.5,0.9,0.0,a,0,0,0,0,0,9,6,6.9,4.33,11.23,38.06,0,0,0,0,0,0,0,False,,,,0.0,0.0,0.0,0.0,0,0,0,0,Brighton (Home),5
Smith Rowe,MID,Fulham,6.0,1.1,0.0,a,0,0,0,0,0,6,3,2.04,4.45,6.49,25.35,0,0,0,0,0,0,0,False,,,,0.0,0.0,0.0,0.0,0,0,0,0,Brighton (Home),5
Adama,MID,Fulham,5.5,0.3,0.0,a,0,0,0,0,0,2,8,4.61,4.11,8.72,25.17,0,0,0,0,0,0,0,False,,,,0.0,0.0,0.0,0.0,0,0,0,0,Brighton (Home),5
Andreas,MID,Fulham,5.5,0.5,0.0,a,0,0,0,0,0,2,6,4.63,4.24,8.87,27.35,0,0,0,0,0,0,0,False,,,,0.0,0.0,0.0,0.0,0,0,0,0,Brighton (Home),5
Sessegnon,MID,Fulham,5.5,0.4,0.0,a,0,0,0,0,0,4,2,1.12,1.64,2.76,8.2,0,0,0,0,0,0,0,False,,,,0.0,0.0,0.0,0.0,0,0,0,0,Brighton (Home),5
Wilson,MID,Fulham,5.5,0.3,0.0,a,0,0,0,0,0,6,2,1.17,4.19,5.36,16.22,0,0,0,0,0,0,0,False,,,,0.0,0.0,0.0,0.0,0,0,0,0,Brighton (Home),5
Berge,MID,Fulham,5.0,0.3,0.0,a,0,0,0,0,0,0,0,0.63,0.45,1.08,30.81,0,0,0,0,0,0,0,False,,,,0.0,0.0,0.0,0.0,0,0,0,0,Brighton (Home),5
Cairney,MID,Fulham,5.0,0.2,0.0,a,0,0,0,0,0,2,0,1.14,0.73,1.87,9.59,0,0,0,0,0,0,0,False,,,,0.0,0.0,0.0,0.0,0,0,0,0,Brighton (Home),3
Lukić,MID,Fulham,5.0,0.2,0.0,a,0,0,0,0,0,0,2,1.4,1.16,2.56,33.02,0,0,0,0,0,0,0,False,,,,0.0,0.0,0.0,0.0,0,0,0,0,Brighton (Home),5
Godo,MID,Fulham,4.5,0.2,0.0,a,0,0,0,0,0,0,0,0.07,0.0,0.07,0.15,0,0,0,0,0,0,0,False,,,,0.0,0.0,0.0,0.0,0,0,0,0,Brighton (Home),2
Harris,MID,Fulham,4.5,0.2,0.0,a,0,0,0,0,0,0,0,0.0,0.0,0.0,0.0,0,0,0,0,0,0,0,False,,,,0.0,0.0,0.0,0.0,0,0,0,0,Brighton (Home),2
King,MID,Fulham,4.5,0.3,0.0,a,0,0,0,0,0,0,0,0.67,0.28,0.95,0.74,0,0,0,0,0,0,0,False,,,,0.0,0.0,0.0,0.0,0,0,0,0,Brighton (Home),2
Reed,MID,Fulham,4.5,0.4,0.0,a,0,0,0,0,0,0,0,0.09,0.23,0.32,4.62,0,0,0,0,0,0,0,False,,,,0.0,0.0,0.0,0.0,0,0,0,0,Brighton (Home),2
Raúl,FWD,Fulham,6.5,3.0,0.0,a,0,0,0,0,0,12,3,2.07,11.97,14.04,33.49,0,0,0,0,0,0,0,False,,,,0.0,0.0,0.0,0.0,0,0,0,0,Brighton (Home),5
Muniz,FWD,Fulham,5.5,2.4,0.0,a,0,0,0,0,0,8,1,0.2,5.91,6.11,15.28,0,0,0,0,0,0,0,False,,,,0.0,0.0,0.0,0.0,0,0,0,0,Brighton (Home),5
Meslier,GKP,Leeds,4.5,1.6,0.0,a,0,0,0,0,0,0,0,0.0,0.0,0.0,0.0,0,0,0,0,0,0,0,False,,,,0.0,0.0,0.0,0.0,0,0,0,0,Everton (Away),2
Cairns,GKP,Leeds,4.0,0.6,0.0,a,0,0,0,0,0,0,0,0.0,0.0,0.0,0.0,0,0,0,0,0,0,0,False,,,,0.0,0.0,0.0,0.0,0,0,0,0,Everton (Away),2
Darlow,GKP,Leeds,4.0,4.2,0.0,a,0,0,0,0,0,0,0,0.0,0.0,0.0,0.0,0,0,0,0,0,0,0,False,,,,0.0,0.0,0.0,0.0,0,0,0,0,Everton (Away),2
Bogle,DEF,Leeds,4.5,1.3,0.0,a,0,0,0,0,0,0,0,0.0,0.0,0.0,0.0,0,0,0,0,0,0,0,False,,,,0.0,0.0,0.0,0.0,0,0,0,0,Everton (Away),2
Struijk,DEF,Leeds,4.5,0.6,0.0,a,0,0,0,0,0,0,0,0.0,0.0,0.0,0.0,0,0,0,0,0,0,0,False,,,,0.0,0.0,0.0,0.0,0,0,0,0,Everton (Away),2
Bijol,DEF,Leeds,4.0,0.2,0.0,s,0,0,0,0,0,0,0,0.0,0.0,0.0,0.0,0,0,0,0,0,0,0,False,,,,0.0,0.0,0.0,0.0,0,0,0,0,Everton (Away),2
Bornauw,DEF,Leeds,4.0,0.8,0.0,a,0,0,0,0,0,0,0,0.0,0.0,0.0,0.0,0,0,0,0,0,0,0,False,,,,0.0,0.0,0.0,0.0,0,0,0,0,Everton (Away),2
Byram,DEF,Leeds,4.0,0.9,0.0,a,0,0,0,0,0,0,0,0.0,0.0,0.0,0.0,0,0,0,0,0,0,0,False,,,,0.0,0.0,0.0,0.0,0,0,0,0,Everton (Away),2
Gudmundsson,DEF,Leeds,4.0,1.5,0.0,a,0,0,0,0,0,0,0,0.0,0.0,0.0,0.0,0,0,0,0,0,0,0,False,,,,0.0,0.0,0.0,0.0,0,0,0,0,Everton (Away),2
Rodon,DEF,Leeds,4.0,2.1,0.0,a,0,0,0,0,0,0,0,0.0,0.0,0.0,0.0,0,0,0,0,0,0,0,False,,,,0.0,0.0,0.0,0.0,0,0,0,0,Everton (Away),2
Schmidt,DEF,Leeds,4.0,1.1,0.0,a,0,0,0,0,0,0,0,0.0,0.0,0.0,0.0,0,0,0,0,0,0,0,False,,,,0.0,0.0,0.0,0.0,0,0,0,0,Everton (Away),2
Aaronson,MID,Leeds,5.5,0.2,0.0,a,0,0,0,0,0,0,0,0.0,0.0,0.0,0.0,0,0,0,0,0,0,0,False,,,,0.0,0.0,0.0,0.0,0,0,0,0,Everton (Away),3
Gnonto,MID,Leeds,5.5,1.1,0.0,a,0,0,0,0,0,0,0,0.0,0.0,0.0,0.0,0,0,0,0,0,0,0,False,,,,0.0,0.0,0.0,0.0,0,0,0,0,Everton (Away),3
Harrison,MID,Leeds,5.5,0.3,0.0,a,0,0,0,0,0,1,3,3.12,3.54,6.66,31.23,0,0,0,0,0,0,0,False,,,,0.0,0.0,0.0,0.0,0,0,0,0,Everton (Away),5
James,MID,Leeds,5.5,1.2,0.0,a,0,0,0,0,0,0,0,0.0,0.0,0.0,0.0,0,0,0,0,0,0,0,False,,,,0.0,0.0,0.0,0.0,0,0,0,0,Everton (Away),3
Ampadu,MID,Leeds,5.0,0.3,0.0,a,0,0,0,0,0,0,0,0.0,0.0,0.0,0.0,0,0,0,0,0,0,0,False,,,,0.0,0.0,0.0,0.0,0,0,0,0,Everton (Away),3
Greenwood,MID,Leeds,5.0,0.3,0.0,a,0,0,0,0,0,0,0,0.0,0.0,0.0,0.0,0,0,0,0,0,0,0,False,,,,0.0,0.0,0.0,0.0,0,0,0,0,Everton (Away),3
Gruev,MID,Leeds,5.0,0.2,0.0,a,0,0,0,0,0,0,0,0.0,0.0,0.0,0.0,0,0,0,0,0,0,0,False,,,,0.0,0.0,0.0,0.0,0,0,0,0,Everton (Away),3
Ramazani,MID,Leeds,5.0,0.3,0.0,a,0,0,0,0,0,0,0,0.0,0.0,0.0,0.0,0,0,0,0,0,0,0,False,,,,0.0,0.0,0.0,0.0,0,0,0,0,Everton (Away),3
Tanaka,MID,Leeds,5.0,0.9,0.0,a,0,0,0,0,0,0,0,0.0,0.0,0.0,0.0,0,0,0,0,0,0,0,False,,,,0.0,0.0,0.0,0.0,0,0,0,0,Everton (Away),3
Crew,MID,Leeds,4.5,0.2,0.0,a,0,0,0,0,0,0,0,0.0,0.0,0.0,0.0,0,0,0,0,0,0,0,False,,,,0.0,0.0,0.0,0.0,0,0,0,0,Everton (Away),2
Gelhardt,MID,Leeds,4.5,0.6,0.0,a,0,0,0,0,0,0,0,0.0,0.0,0.0,0.0,0,0,0,0,0,0,0,False,,,,0.0,0.0,0.0,0.0,0,0,0,0,Everton (Away),2
Gyabi,MID,Leeds,4.5,0.2,0.0,a,0,0,0,0,0,0,0,0.0,0.0,0.0,0.0,0,0,0,0,0,0,0,False,,,,0.0,0.0,0.0,0.0,0,0,0,0,Everton (Away),2
Piroe,FWD,Leeds,5.5,2.4,0.0,a,0,0,0,0,0,0,0,0.0,0.0,0.0,0.0,0,0,0,0,0,0,0,False,,,,0.0,0.0,0.0,0.0,0,0,0,0,Everton (Away),3
Bamford,FWD,Leeds,5.0,3.2,0.0,a,0,0,0,0,0,0,0,0.0,0.0,0.0,0.0,0,0,0,0,0,0,0,False,,,,0.0,0.0,0.0,0.0,0,0,0,0,Everton (Away),3
Mateo Joseph,FWD,Leeds,5.0,0.7,0.0,a,0,0,0,0,0,0,0,0.0,0.0,0.0,0.0,0,0,0,0,0,0,0,False,,,,0.0,0.0,0.0,0.0,0,0,0,0,Everton (Away),3
Nmecha,FWD,Leeds,5.0,1.6,0.0,a,0,0,0,0,0,0,0,0.0,0.0,0.0,0.0,0,0,0,0,0,0,0,False,,,,0.0,0.0,0.0,0.0,0,0,0,0,Everton (Away),3
A.Becker,GKP,Liverpool,5.5,13.2,0.0,a,0,0,0,0,0,0,0,0.2,0.0,0.2,27.1,0,0,0,0,0,0,0,False,,,,0.0,0.0,0.0,0.0,0,0,0,0,Bournemouth (Away),5
Mamardashvili,GKP,Liverpool,4.5,0.8,0.0,a,0,0,0,0,0,0,0,0.0,0.0,0.0,0.0,0,0,0,0,0,0,0,False,,,,0.0,0.0,0.0,0.0,0,0,0,0,Bournemouth (Away),2
Pécsi,GKP,Liverpool,4.0,0.3,0.0,a,0,0,0,0,0,0,0,0.0,0.0,0.0,0.0,0,0,0,0,0,0,0,False,,,,0.0,0.0,0.0,0.0,0,0,0,0,Bournemouth (Away),2
Woodman,GKP,Liverpool,4.0,0.3,0.0,a,0,0,0,0,0,0,0,0.0,0.0,0.0,0.0,0,0,0,0,0,0,0,False,,,,0.0,0.0,0.0,0.0,0,0,0,0,Bournemouth (Away),2
Frimpong,DEF,Liverpool,6.0,28.1,0.0,a,0,0,0,0,0,0,0,0.0,0.0,0.0,0.0,0,0,0,0,0,0,0,False,,,,0.0,0.0,0.0,0.0,0,0,0,0,Bournemouth (Away),5
Kerkez,DEF,Liverpool,6.0,22.7,0.0,a,0,0,0,0,0,2,6,2.57,0.6,3.17,48.69,0,0,0,0,0,0,0,False,,,,0.0,0.0,0.0,0.0,0,0,0,0,Bournemouth (Away),5
Robertson,DEF,Liverpool,6.0,9.4,0.0,a,0,0,0,0,0,0,1,4.27,1.12,5.39,26.9,0,0,0,0,0,0,0,False,,,,0.0,0.0,0.0,0.0,0,0,0,0,Bournemouth (Away),5
Virgil,DEF,Liverpool,6.0,17.4,0.0,a,0,0,0,0,0,3,1,0.98,2.22,3.2,36.13,0,0,0,0,0,0,0,False,,,,0.0,0.0,0.0,0.0,0,0,0,0,Bournemouth (Away),5
Konaté,DEF,Liverpool,5.5,1.7,0.0,a,0,0,0,0,0,1,2,0.91,1.8,2.71,26.67,0,0,0,0,0,0,0,False,,,,0.0,0.0,0.0,0.0,0,0,0,0,Bournemouth (Away),5
Bradley,DEF,Liverpool,5.0,0.9,0.0,a,0,0,0,0,0,0,2,1.43,0.7,2.13,12.4,0,0,0,0,0,0,0,False,,,,0.0,0.0,0.0,0.0,0,0,0,0,Bournemouth (Away),5
Gomez,DEF,Liverpool,5.0,0.2,0.0,a,0,0,0,0,0,0,0,0.09,0.33,0.42,5.38,0,0,0,0,0,0,0,False,,,,0.0,0.0,0.0,0.0,0,0,0,0,Bournemouth (Away),3
Tsimikas,DEF,Liverpool,5.0,0.2,0.0,a,0,0,0,0,0,0,1,2.32,0.39,2.71,9.03,0,0,0,0,0,0,0,False,,,,0.0,0.0,0.0,0.0,0,0,0,0,Bournemouth (Away),5
Nallo,DEF,Liverpool,4.0,0.6,0.0,a,0,0,0,0,0,0,0,0.0,0.0,0.0,0.0,0,0,0,0,0,0,0,False,,,,0.0,0.0,0.0,0.0,0,0,0,0,Bournemouth (Away),2
R.Williams,DEF,Liverpool,4.0,0.7,0.0,a,0,0,0,0,0,0,0,0.0,0.0,0.0,0.0,0,0,0,0,0,0,0,False,,,,0.0,0.0,0.0,0.0,0,0,0,0,Bournemouth (Away),2
Ramsay,DEF,Liverpool,4.0,0.6,0.0,a,0,0,0,0,0,0,0,0.0,0.0,0.0,0.0,0,0,0,0,0,0,0,False,,,,0.0,0.0,0.0,0.0,0,0,0,0,Bournemouth (Away),2
M.Salah,MID,Liverpool,14.5,41.3,0.0,a,0,0,0,0,0,29,18,8.99,24.7,33.69,37.83,0,0,0,0,0,0,0,False,,,,0.0,0.0,0.0,0.0,0,0,0,0,Bournemouth (Away),5
Wirtz,MID,Liverpool,8.5,31.7,0.0,a,0,0,0,0,0,0,0,0.0,0.0,0.0,0.0,0,0,0,0,0,0,0,False,,,,0.0,0.0,0.0,0.0,0,0,0,0,Bournemouth (Away),5
Luis Díaz,MID,Liverpool,8.0,4.0,0.0,a,0,0,0,0,0,13,7,4.34,11.9,16.24,24.44,0,0,0,0,0,0,0,False,,,,0.0,0.0,0.0,0.0,0,0,0,0,Bournemouth (Away),5
Gakpo,MID,Liverpool,7.5,2.4,0.0,a,0,0,0,0,0,10,5,3.76,7.12,10.87,21.51,0,0,0,0,0,0,0,False,,,,0.0,0.0,0.0,0.0,0,0,0,0,Bournemouth (Away),5
Chiesa,MID,Liverpool,6.5,0.1,0.0,a,0,0,0,0,0,0,0,0.15,0.34,0.49,2.8,0,0,0,0,0,0,0,False,,,,0.0,0.0,0.0,0.0,0,0,0,0,Bournemouth (Away),3
Mac Allister,MID,Liverpool,6.5,0.7,0.0,a,0,0,0,0,0,5,6,5.57,2.89,8.46,24.21,0,0,0,0,0,0,0,False,,,,0.0,0.0,0.0,0.0,0,0,0,0,Bournemouth (Away),5
Szoboszlai,MID,Liverpool,6.5,0.6,0.0,a,0,0,0,0,0,6,10,6.06,6.94,13.0,26.78,0,0,0,0,0,0,0,False,,,,0.0,0.0,0.0,0.0,0,0,0,0,Bournemouth (Away),5
C.Jones,MID,Liverpool,5.5,0.2,0.0,a,0,0,0,0,0,3,5,1.46,4.34,5.8,23.35,0,0,0,0,0,0,0,False,,,,0.0,0.0,0.0,0.0,0,0,0,0,Bournemouth (Away),5
Elliott,MID,Liverpool,5.5,0.3,0.0,a,0,0,0,0,0,1,2,0.64,1.78,2.42,6.14,0,0,0,0,0,0,0,False,,,,0.0,0.0,0.0,0.0,0,0,0,0,Bournemouth (Away),5
Gravenberch,MID,Liverpool,5.5,0.1,0.0,s,0,0,0,0,0,0,4,3.5,1.13,4.63,33.06,0,0,0,0,0,0,0,False,,,,0.0,0.0,0.0,0.0,0,0,0,0,Bournemouth (Away),5
Doak,MID,Liverpool,5.0,0.2,0.0,a,0,0,0,0,0,0,0,0.0,0.0,0.0,0.0,0,0,0,0,0,0,0,False,,,,0.0,0.0,0.0,0.0,0,0,0,0,Bournemouth (Away),3
Endo,MID,Liverpool,5.0,0.2,0.0,a,0,0,0,0,0,0,0,0.09,0.0,0.09,4.25,0,0,0,0,0,0,0,False,,,,0.0,0.0,0.0,0.0,0,0,0,0,Bournemouth (Away),3
Bajcetic,MID,Liverpool,4.5,0.1,0.0,a,0,0,0,0,0,0,0,0.0,0.0,0.0,0.0,0,0,0,0,0,0,0,False,,,,0.0,0.0,0.0,0.0,0,0,0,0,Bournemouth (Away),2
McConnell,MID,Liverpool,4.5,0.1,0.0,a,0,0,0,0,0,0,0,0.0,0.0,0.0,0.0,0,0,0,0,0,0,0,False,,,,0.0,0.0,0.0,0.0,0,0,0,0,Bournemouth (Away),2
Morton,MID,Liverpool,4.5,0.1,0.0,a,0,0,0,0,0,0,0,0.0,0.0,0.0,0.0,0,0,0,0,0,0,0,False,,,,0.0,0.0,0.0,0.0,0,0,0,0,Bournemouth (Away),2
Nyoni,MID,Liverpool,4.5,0.2,0.0,a,0,0,0,0,0,0,0,0.0,0.0,0.0,0.0,0,0,0,0,0,0,0,False,,,,0.0,0.0,0.0,0.0,0,0,0,0,Bournemouth (Away),2
Darwin,FWD,Liverpool,6.5,3.1,0.0,a,0,0,0,0,0,5,3,0.51,5.76,6.27,16.85,0,0,0,0,0,0,0,False,,,,0.0,0.0,0.0,0.0,0,0,0,0,Bournemouth (Away),5
Danns,FWD,Liverpool,4.5,0.5,0.0,a,0,0,0,0,0,0,0,0.01,0.0,0.01,0.45,0,0,0,0,0,0,0,False,,,,0.0,0.0,0.0,0.0,0,0,0,0,Bournemouth (Away),2
Ederson M.,GKP,Man City,5.5,9.8,0.0,a,0,0,0,0,0,0,4,0.16,0.0,0.16,29.5,0,0,0,0,0,0,0,False,,,,0.0,0.0,0.0,0.0,0,0,0,0,Wolves (Home),5
Ortega Moreno,GKP,Man City,5.0,1.6,0.0,a,0,0,0,0,0,0,0,0.0,0.0,0.0,19.12,0,0,0,0,0,0,0,False,,,,0.0,0.0,0.0,0.0,0,0,0,0,Wolves (Home),5
Bettinelli,GKP,Man City,4.0,0.4,0.0,a,0,0,0,0,0,0,0,0.0,0.0,0.0,0.0,0,0,0,0,0,0,0,False,,,,0.0,0.0,0.0,0.0,0,0,0,0,Wolves (Home),2
Aït-Nouri,DEF,Man City,6.0,32.1,0.0,a,0,0,0,0,0,4,7,3.98,2.69,6.67,53.27,0,0,0,0,0,0,0,False,,,,0.0,0.0,0.0,0.0,0,0,0,0,Wolves (Home),5
Gvardiol,DEF,Man City,6.0,20.3,0.0,a,0,0,0,0,0,5,0,2.92,4.6,7.52,44.27,0,0,0,0,0,0,0,False,,,,0.0,0.0,0.0,0.0,0,0,0,0,Wolves (Home),5
Akanji,DEF,Man City,5.5,0.3,0.0,a,0,0,0,0,0,0,0,1.3,1.57,2.87,29.72,0,0,0,0,0,0,0,False,,,,0.0,0.0,0.0,0.0,0,0,0,0,Wolves (Home),5
Aké,DEF,Man City,5.5,0.2,0.0,a,0,0,0,0,0,0,0,0.17,0.22,0.39,13.44,0,0,0,0,0,0,0,False,,,,0.0,0.0,0.0,0.0,0,0,0,0,Wolves (Home),3
Khusanov,DEF,Man City,5.5,0.1,0.0,a,0,0,0,0,0,0,0,0.09,0.02,0.11,6.98,0,0,0,0,0,0,0,False,,,,0.0,0.0,0.0,0.0,0,0,0,0,Wolves (Home),3
Matheus N.,DEF,Man City,5.5,0.6,0.0,a,0,0,0,0,0,1,7,3.32,1.11,4.43,24.87,0,0,0,0,0,0,0,False,,,,0.0,0.0,0.0,0.0,0,0,0,0,Wolves (Home),5
Rúben,DEF,Man City,5.5,1.1,0.0,a,0,0,0,0,0,0,0,1.2,1.54,2.74,29.48,0,0,0,0,0,0,0,False,,,,0.0,0.0,0.0,0.0,0,0,0,0,Wolves (Home),5
Stones,DEF,Man City,5.5,0.2,0.0,a,0,0,0,0,0,2,0,0.17,0.6,0.77,5.95,0,0,0,0,0,0,0,False,,,,0.0,0.0,0.0,0.0,0,0,0,0,Wolves (Home),3
Lewis,DEF,Man City,5.0,0.6,0.0,a,0,0,0,0,0,1,2,1.01,1.32,2.33,27.6,0,0,0,0,0,0,0,False,,,,0.0,0.0,0.0,0.0,0,0,0,0,Wolves (Home),5
O’Reilly,DEF,Man City,5.0,0.3,0.0,a,0,0,0,0,0,2,0,0.68,1.28,1.96,5.49,0,0,0,0,0,0,0,False,,,,0.0,0.0,0.0,0.0,0,0,0,0,Wolves (Home),3
Vitor Reis,DEF,Man City,5.0,0.2,0.0,a,0,0,0,0,0,0,0,0.0,0.0,0.0,0.0,0,0,0,0,0,0,0,False,,,,0.0,0.0,0.0,0.0,0,0,0,0,Wolves (Home),3
Marmoush,MID,Man City,8.5,15.4,0.0,a,0,0,0,0,0,7,1,1.71,5.41,7.12,14.48,0,0,0,0,0,0,0,False,,,,0.0,0.0,0.0,0.0,0,0,0,0,Wolves (Home),5
Foden,MID,Man City,8.0,5.3,0.0,a,0,0,0,0,0,7,3,5.33,5.17,10.49,29.11,0,0,0,0,0,0,0,False,,,,0.0,0.0,0.0,0.0,0,0,0,0,Wolves (Home),5
Savinho,MID,Man City,7.0,6.9,0.0,a,0,0,0,0,0,1,11,6.1,5.02,11.12,21.39,0,0,0,0,0,0,0,False,,,,0.0,0.0,0.0,0.0,0,0,0,0,Wolves (Home),5
Bernardo,MID,Man City,6.5,0.3,0.0,a,0,0,0,0,0,4,4,4.56,3.84,8.4,39.68,0,0,0,0,0,0,0,False,,,,0.0,0.0,0.0,0.0,0,0,0,0,Wolves (Home),5
Cherki,MID,Man City,6.5,7.3,0.0,a,0,0,0,0,0,0,0,0.0,0.0,0.0,0.0,0,0,0,0,0,0,0,False,,,,0.0,0.0,0.0,0.0,0,0,0,0,Wolves (Home),3
Doku,MID,Man City,6.5,0.9,0.0,a,0,0,0,0,0,3,6,3.81,1.32,5.13,15.18,0,0,0,0,0,0,0,False,,,,0.0,0.0,0.0,0.0,0,0,0,0,Wolves (Home),5
Grealish,MID,Man City,6.5,0.1,0.0,a,0,0,0,0,0,1,1,1.67,1.13,2.8,11.33,0,0,0,0,0,0,0,False,,,,0.0,0.0,0.0,0.0,0,0,0,0,Wolves (Home),5
Gündoğan,MID,Man City,6.5,0.1,0.0,a,0,0,0,0,0,1,7,4.43,3.21,7.63,35.69,0,0,0,0,0,0,0,False,,,,0.0,0.0,0.0,0.0,0,0,0,0,Wolves (Home),5
Rodrigo,MID,Man City,6.5,1.2,0.0,a,0,0,0,0,0,0,0,0.09,0.0,0.09,0.33,0,0,0,0,0,0,0,False,,,,0.0,0.0,0.0,0.0,0,0,0,0,Wolves (Home),3
Kovačić,MID,Man City,6.0,0.0,0.0,i,0,0,0,0,0,6,3,3.21,1.91,5.11,31.5,0,0,0,0,0,0,0,False,,,,0.0,0.0,0.0,0.0,0,0,0,0,Wolves (Home),5
N.Gonzalez,MID,Man City,6.0,0.1,0.0,a,0,0,0,0,0,1,1,0.48,0.45,0.93,8.99,0,0,0,0,0,0,0,False,,,,0.0,0.0,0.0,0.0,0,0,0,0,Wolves (Home),3
Bobb,MID,Man City,5.5,0.3,0.0,a,0,0,0,0,0,0,0,0.02,0.0,0.02,0.47,0,0,0,0,0,0,0,False,,,,0.0,0.0,0.0,0.0,0,0,0,0,Wolves (Home),3
Echeverri,MID,Man City,5.5,0.1,0.0,a,0,0,0,0,0,0,0,0.01,0.0,0.01,0.45,0,0,0,0,0,0,0,False,,,,0.0,0.0,0.0,0.0,0,0,0,0,Wolves (Home),3
McAtee,MID,Man City,5.5,0.2,0.0,a,0,0,0,0,0,3,0,0.8,2.8,3.6,5.25,0,0,0,0,0,0,0,False,,,,0.0,0.0,0.0,0.0,0,0,0,0,Wolves (Home),5
Reijnders,MID,Man City,5.5,2.6,0.0,a,0,0,0,0,0,0,0,0.0,0.0,0.0,0.0,0,0,0,0,0,0,0,False,,,,0.0,0.0,0.0,0.0,0,0,0,0,Wolves (Home),3
Nypan,MID,Man City,5.0,0.2,0.0,a,0,0,0,0,0,0,0,0.0,0.0,0.0,0.0,0,0,0,0,0,0,0,False,,,,0.0,0.0,0.0,0.0,0,0,0,0,Wolves (Home),3
Phillips,MID,Man City,5.0,0.2,0.0,a,0,0,0,0,0,0,0,0.46,0.45,0.91,27.21,0,0,0,0,0,0,0,False,,,,0.0,0.0,0.0,0.0,0,0,0,0,Wolves (Home),5
Haaland,FWD,Man City,14.0,16.8,0.0,a,0,0,0,0,0,22,3,2.04,21.9,23.94,41.27,0,0,0,0,0,0,0,False,,,,0.0,0.0,0.0,0.0,0,0,0,0,Wolves (Home),5
Bayindir,GKP,Man Utd,5.0,1.5,0.0,a,0,0,0,0,0,0,0,0.0,0.0,0.0,6.93,0,0,0,0,0,0,0,False,,,,0.0,0.0,0.0,0.0,0,0,0,0,Arsenal (Away),3
Onana,GKP,Man Utd,5.0,0.1,0.0,d,0,0,0,0,0,0,0,0.2,0.0,0.2,47.79,0,0,0,0,0,0,0,False,,,,0.0,0.0,0.0,0.0,0,0,0,0,Arsenal (Away),5
Harrison,GKP,Man Utd,4.0,0.3,0.0,a,0,0,0,0,0,0,0,0.0,0.0,0.0,0.0,0,0,0,0,0,0,0,False,,,,0.0,0.0,0.0,0.0,0,0,0,0,Arsenal (Away),2
Heaton,GKP,Man Utd,4.0,0.6,0.0,a,0,0,0,0,0,0,0,0.0,0.0,0.0,0.0,0,0,0,0,0,0,0,False,,,,0.0,0.0,0.0,0.0,0,0,0,0,Arsenal (Away),2
Mee,GKP,Man Utd,4.0,0.3,0.0,a,0,0,0,0,0,0,0,0.0,0.0,0.0,0.0,0,0,0,0,0,0,0,False,,,,0.0,0.0,0.0,0.0,0,0,0,0,Arsenal (Away),2
De Ligt,DEF,Man Utd,5.0,0.6,0.0,a,0,0,0,0,0,2,0,0.25,2.48,2.73,38.53,0,0,0,0,0,0,0,False,,,,0.0,0.0,0.0,0.0,0,0,0,0,Arsenal (Away),5
Martinez,DEF,Man Utd,5.0,0.4,0.0,a,0,0,0,0,0,2,1,1.21,1.33,2.54,30.17,0,0,0,0,0,0,0,False,,,,0.0,0.0,0.0,0.0,0,0,0,0,Arsenal (Away),5
Mazraoui,DEF,Man Utd,5.0,0.8,0.0,a,0,0,0,0,0,0,1,1.87,0.69,2.56,46.26,0,0,0,0,0,0,0,False,,,,0.0,0.0,0.0,0.0,0,0,0,0,Arsenal (Away),5
D.Leon,DEF,Man Utd,4.5,0.3,0.0,a,0,0,0,0,0,0,0,0.0,0.0,0.0,0.0,0,0,0,0,0,0,0,False,,,,0.0,0.0,0.0,0.0,0,0,0,0,Arsenal (Away),2
Dalot,DEF,Man Utd,4.5,2.8,0.0,a,0,0,0,0,0,0,4,2.35,1.96,4.31,46.95,0,0,0,0,0,0,0,False,,,,0.0,0.0,0.0,0.0,0,0,0,0,Arsenal (Away),5
Dorgu,DEF,Man Utd,4.5,2.2,0.0,a,0,0,0,0,0,0,0,1.27,0.43,1.7,10.26,0,0,0,0,0,0,0,False,,,,0.0,0.0,0.0,0.0,0,0,0,0,Arsenal (Away),2
Maguire,DEF,Man Utd,4.5,0.6,0.0,a,0,0,0,0,0,1,0,0.25,1.82,2.07,26.83,0,0,0,0,0,0,0,False,,,,0.0,0.0,0.0,0.0,0,0,0,0,Arsenal (Away),5
Shaw,DEF,Man Utd,4.5,0.3,0.0,a,0,0,0,0,0,0,0,0.77,0.03,0.8,3.81,0,0,0,0,0,0,0,False,,,,0.0,0.0,0.0,0.0,0,0,0,0,Arsenal (Away),2
Yoro,DEF,Man Utd,4.5,0.9,0.0,a,0,0,0,0,0,0,0,0.15,0.7,0.85,19.35,0,0,0,0,0,0,0,False,,,,0.0,0.0,0.0,0.0,0,0,0,0,Arsenal (Away),5
Amass,DEF,Man Utd,4.0,0.8,0.0,a,0,0,0,0,0,0,0,0.07,0.07,0.14,6.3,0,0,0,0,0,0,0,False,,,,0.0,0.0,0.0,0.0,0,0,0,0,Arsenal (Away),2
Fredricson,DEF,Man Utd,4.0,0.6,0.0,a,0,0,0,0,0,0,0,0.02,0.0,0.02,2.94,0,0,0,0,0,0,0,False,,,,0.0,0.0,0.0,0.0,0,0,0,0,Arsenal (Away),2
Heaven,DEF,Man Utd,4.0,3.2,0.0,a,0,0,0,0,0,0,0,0.01,0.12,0.13,1.69,0,0,0,0,0,0,0,False,,,,0.0,0.0,0.0,0.0,0,0,0,0,Arsenal (Away),2
Malacia,DEF,Man Utd,4.0,0.8,0.0,a,0,0,0,0,0,0,0,0.02,0.0,0.02,0.78,0,0,0,0,0,0,0,False,,,,0.0,0.0,0.0,0.0,0,0,0,0,Arsenal (Away),2
B.Fernandes,MID,Man Utd,9.0,8.2,0.0,a,0,0,0,0,0,8,12,7.89,9.93,17.82,45.85,0,0,0,0,0,0,0,False,,,,0.0,0.0,0.0,0.0,0,0,0,0,Arsenal (Away),5
Cunha,MID,Man Utd,8.0,15.8,0.0,a,0,0,0,0,0,15,7,5.29,8.73,14.02,44.53,0,0,0,0,0,0,0,False,,,,0.0,0.0,0.0,0.0,0,0,0,0,Arsenal (Away),5
Rashford,MID,Man Utd,7.0,7.0,0.0,a,0,0,0,0,0,6,4,3.43,4.67,8.1,21.68,0,0,0,0,0,0,0,False,,,,0.0,0.0,0.0,0.0,0,0,0,0,Arsenal (Away),5
Amad,MID,Man Utd,6.5,3.4,0.0,a,0,0,0,0,0,8,8,3.98,4.71,8.69,31.71,0,0,0,0,0,0,0,False,,,,0.0,0.0,0.0,0.0,0,0,0,0,Arsenal (Away),5
Garnacho,MID,Man Utd,6.5,0.1,0.0,a,0,0,0,0,0,6,4,2.76,7.4,10.16,35.43,0,0,0,0,0,0,0,False,,,,0.0,0.0,0.0,0.0,0,0,0,0,Arsenal (Away),5
Antony,MID,Man Utd,6.0,0.2,0.0,a,0,0,0,0,0,0,0,0.21,0.6,0.81,2.05,0,0,0,0,0,0,0,False,,,,0.0,0.0,0.0,0.0,0,0,0,0,Arsenal (Away),3
Mount,MID,Man Utd,6.0,0.2,0.0,a,0,0,0,0,0,1,0,0.57,3.37,3.94,8.24,0,0,0,0,0,0,0,False,,,,0.0,0.0,0.0,0.0,0,0,0,0,Arsenal (Away),5
Sancho,MID,Man Utd,6.0,0.1,0.0,a,0,0,0,0,0,3,5,3.1,2.13,5.23,23.66,0,0,0,0,0,0,0,False,,,,0.0,0.0,0.0,0.0,0,0,0,0,Arsenal (Away),5
Casemiro,MID,Man Utd,5.5,0.2,0.0,a,0,0,0,0,0,1,0,1.99,1.8,3.79,24.0,0,0,0,0,0,0,0,False,,,,0.0,0.0,0.0,0.0,0,0,0,0,Arsenal (Away),5
Mainoo,MID,Man Utd,5.0,0.7,0.0,a,0,0,0,0,0,0,0,1.78,0.84,2.62,25.23,0,0,0,0,0,0,0,False,,,,0.0,0.0,0.0,0.0,0,0,0,0,Arsenal (Away),5
Ugarte,MID,Man Utd,5.0,0.3,0.0,a,0,0,0,0,0,1,2,0.67,1.0,1.67,29.54,0,0,0,0,0,0,0,False,,,,0.0,0.0,0.0,0.0,0,0,0,0,Arsenal (Away),5
Collyer,MID,Man Utd,4.5,0.3,0.0,a,0,0,0,0,0,0,0,0.37,0.08,0.45,3.09,0,0,0,0,0,0,0,False,,,,0.0,0.0,0.0,0.0,0,0,0,0,Arsenal (Away),2
Fitzgerald,MID,Man Utd,4.5,0.1,0.0,a,0,0,0,0,0,0,0,0.0,0.0,0.0,0.0,0,0,0,0,0,0,0,False,,,,0.0,0.0,0.0,0.0,0,0,0,0,Arsenal (Away),2
J.Fletcher,MID,Man Utd,4.5,0.1,0.0,a,0,0,0,0,0,0,0,0.0,0.0,0.0,0.0,0,0,0,0,0,0,0,False,,,,0.0,0.0,0.0,0.0,0,0,0,0,Arsenal (Away),2
Kone,MID,Man Utd,4.5,0.2,0.0,a,0,0,0,0,0,0,0,0.0,0.0,0.0,0.0,0,0,0,0,0,0,0,False,,,,0.0,0.0,0.0,0.0,0,0,0,0,Arsenal (Away),2
Moorhouse,MID,Man Utd,4.5,0.1,0.0,a,0,0,0,0,0,0,0,0.0,0.0,0.0,0.0,0,0,0,0,0,0,0,False,,,,0.0,0.0,0.0,0.0,0,0,0,0,Arsenal (Away),2
Højlund,FWD,Man Utd,6.5,1.4,0.0,a,0,0,0,0,0,4,1,1.14,5.1,6.24,30.44,0,0,0,0,0,0,0,False,,,,0.0,0.0,0.0,0.0,0,0,0,0,Arsenal (Away),5
Zirkzee,FWD,Man Utd,6.0,1.9,0.0,a,0,0,0,0,0,3,2,1.04,4.64,5.68,24.84,0,0,0,0,0,0,0,False,,,,0.0,0.0,0.0,0.0,0,0,0,0,Arsenal (Away),5
Obi,FWD,Man Utd,4.5,4.2,0.0,a,0,0,0,0,0,0,0,0.03,0.66,0.69,3.7,0,0,0,0,0,0,0,False,,,,0.0,0.0,0.0,0.0,0,0,0,0,Arsenal (Away),2
Wheatley,FWD,Man Utd,4.5,0.6,0.0,a,0,0,0,0,0,0,0,0.0,0.0,0.0,0.0,0,0,0,0,0,0,0,False,,,,0.0,0.0,0.0,0.0,0,0,0,0,Arsenal (Away),2
Pope,GKP,Newcastle,5.0,3.7,0.0,a,0,0,0,0,0,0,0,0.0,0.0,0.0,34.94,0,0,0,0,0,0,0,False,,,,0.0,0.0,0.0,0.0,0,0,0,0,Aston Villa (Home),5
Dúbravka,GKP,Newcastle,4.0,7.2,0.0,a,0,0,0,0,0,0,0,0.0,0.0,0.0,11.19,0,0,0,0,0,0,0,False,,,,0.0,0.0,0.0,0.0,0,0,0,0,Aston Villa (Home),0
Gillespie,GKP,Newcastle,4.0,0.3,0.0,a,0,0,0,0,0,0,0,0.0,0.0,0.0,0.0,0,0,0,0,0,0,0,False,,,,0.0,0.0,0.0,0.0,0,0,0,0,Aston Villa (Home),2
Odysseas,GKP,Newcastle,4.0,0.3,0.0,a,0,0,0,0,0,0,0,0.0,0.0,0.0,0.0,0,0,0,0,0,0,0,False,,,,0.0,0.0,0.0,0.0,0,0,0,0,Aston Villa (Home),2
Hall,DEF,Newcastle,5.5,3.5,0.0,a,0,0,0,0,0,0,7,3.73,0.43,4.16,29.73,0,0,0,0,0,0,0,False,,,,0.0,0.0,0.0,0.0,0,0,0,0,Aston Villa (Home),5
Schär,DEF,Newcastle,5.5,1.2,0.0,a,0,0,0,0,0,4,2,1.01,3.94,4.95,37.26,0,0,0,0,0,0,0,False,,,,0.0,0.0,0.0,0.0,0,0,0,0,Aston Villa (Home),5
Botman,DEF,Newcastle,5.0,0.7,0.0,a,0,0,0,0,0,0,0,0.22,0.59,0.81,5.07,0,0,0,0,0,0,0,False,,,,0.0,0.0,0.0,0.0,0,0,0,0,Aston Villa (Home),3
Burn,DEF,Newcastle,5.0,2.3,0.0,a,0,0,0,0,0,1,1,1.09,1.97,3.06,45.22,0,0,0,0,0,0,0,False,,,,0.0,0.0,0.0,0.0,0,0,0,0,Aston Villa (Home),5
Livramento,DEF,Newcastle,5.0,5.6,0.0,a,0,0,0,0,0,0,1,2.7,0.33,3.03,37.83,0,0,0,0,0,0,0,False,,,,0.0,0.0,0.0,0.0,0,0,0,0,Aston Villa (Home),5
Trippier,DEF,Newcastle,5.0,0.8,0.0,a,0,0,0,0,0,0,3,1.44,0.12,1.56,17.05,0,0,0,0,0,0,0,False,,,,0.0,0.0,0.0,0.0,0,0,0,0,Aston Villa (Home),5
Krafth,DEF,Newcastle,4.5,0.2,0.0,a,0,0,0,0,0,0,0,0.04,0.04,0.08,6.5,0,0,0,0,0,0,0,False,,,,0.0,0.0,0.0,0.0,0,0,0,0,Aston Villa (Home),2
Lascelles,DEF,Newcastle,4.5,0.2,0.0,a,0,0,0,0,0,0,0,0.0,0.0,0.0,0.0,0,0,0,0,0,0,0,False,,,,0.0,0.0,0.0,0.0,0,0,0,0,Aston Villa (Home),2
A.Murphy,DEF,Newcastle,4.0,0.9,0.0,a,0,0,0,0,0,0,0,0.0,0.0,0.0,0.0,0,0,0,0,0,0,0,False,,,,0.0,0.0,0.0,0.0,0,0,0,0,Aston Villa (Home),2
Ashby,DEF,Newcastle,4.0,0.6,0.0,a,0,0,0,0,0,0,0,0.0,0.0,0.0,0.0,0,0,0,0,0,0,0,False,,,,0.0,0.0,0.0,0.0,0,0,0,0,Aston Villa (Home),2
Pivas,DEF,Newcastle,4.0,0.6,0.0,a,0,0,0,0,0,0,0,0.0,0.0,0.0,0.0,0,0,0,0,0,0,0,False,,,,0.0,0.0,0.0,0.0,0,0,0,0,Aston Villa (Home),2
Targett,DEF,Newcastle,4.0,0.9,0.0,a,0,0,0,0,0,0,0,0.07,0.0,0.07,0.26,0,0,0,0,0,0,0,False,,,,0.0,0.0,0.0,0.0,0,0,0,0,Aston Villa (Home),2
Gordon,MID,Newcastle,7.5,2.9,0.0,a,0,0,0,0,0,6,6,4.8,8.19,12.99,32.62,0,0,0,0,0,0,0,False,,,,0.0,0.0,0.0,0.0,0,0,0,0,Aston Villa (Home),5
Elanga,MID,Newcastle,7.0,15.3,0.0,a,0,0,0,0,0,6,11,5.12,4.81,9.93,38.74,0,0,0,0,0,0,0,False,,,,0.0,0.0,0.0,0.0,0,0,0,0,Aston Villa (Home),5
Barnes,MID,Newcastle,6.5,0.5,0.0,a,0,0,0,0,0,9,5,4.4,6.45,10.85,24.32,0,0,0,0,0,0,0,False,,,,0.0,0.0,0.0,0.0,0,0,0,0,Aston Villa (Home),5
Bruno G.,MID,Newcastle,6.5,0.7,0.0,a,0,0,0,0,0,5,6,5.32,4.34,9.66,43.41,0,0,0,0,0,0,0,False,,,,0.0,0.0,0.0,0.0,0,0,0,0,Aston Villa (Home),5
J.Murphy,MID,Newcastle,6.5,2.3,0.0,a,0,0,0,0,0,8,13,6.14,5.89,12.03,28.19,0,0,0,0,0,0,0,False,,,,0.0,0.0,0.0,0.0,0,0,0,0,Aston Villa (Home),5
Joelinton,MID,Newcastle,6.0,0.3,0.0,a,0,0,0,0,0,4,4,2.17,3.74,5.91,31.79,0,0,0,0,0,0,0,False,,,,0.0,0.0,0.0,0.0,0,0,0,0,Aston Villa (Home),5
Tonali,MID,Newcastle,5.5,1.5,0.0,a,0,0,0,0,0,4,2,2.77,4.46,7.23,33.18,0,0,0,0,0,0,0,False,,,,0.0,0.0,0.0,0.0,0,0,0,0,Aston Villa (Home),5
Antoñito C.,MID,Newcastle,5.0,0.2,0.0,a,0,0,0,0,0,0,0,0.0,0.0,0.0,0.0,0,0,0,0,0,0,0,False,,,,0.0,0.0,0.0,0.0,0,0,0,0,Aston Villa (Home),3
Longstaff,MID,Newcastle,5.0,0.4,0.0,a,0,0,0,0,0,0,1,0.22,0.6,0.82,11.32,0,0,0,0,0,0,0,False,,,,0.0,0.0,0.0,0.0,0,0,0,0,Aston Villa (Home),3
Willock,MID,Newcastle,5.0,0.3,0.0,a,0,0,0,0,0,0,2,0.93,1.65,2.58,15.01,0,0,0,0,0,0,0,False,,,,0.0,0.0,0.0,0.0,0,0,0,0,Aston Villa (Home),1
Hayden,MID,Newcastle,4.5,0.2,0.0,a,0,0,0,0,0,0,0,0.0,0.0,0.0,0.0,0,0,0,0,0,0,0,False,,,,0.0,0.0,0.0,0.0,0,0,0,0,Aston Villa (Home),2
Kuol,MID,Newcastle,4.5,0.1,0.0,a,0,0,0,0,0,0,0,0.0,0.0,0.0,0.0,0,0,0,0,0,0,0,False,,,,0.0,0.0,0.0,0.0,0,0,0,0,Aston Villa (Home),2
L.Miley,MID,Newcastle,4.5,2.2,0.0,a,0,0,0,0,0,1,0,0.3,0.57,0.87,5.68,0,0,0,0,0,0,0,False,,,,0.0,0.0,0.0,0.0,0,0,0,0,Aston Villa (Home),2
White,MID,Newcastle,4.5,0.2,0.0,a,0,0,0,0,0,0,0,0.0,0.0,0.0,0.0,0,0,0,0,0,0,0,False,,,,0.0,0.0,0.0,0.0,0,0,0,0,Aston Villa (Home),2
Isak,FWD,Newcastle,10.5,32.1,0.0,a,0,0,0,0,0,23,6,3.59,20.33,23.92,36.85,0,0,0,0,0,0,0,False,,,,0.0,0.0,0.0,0.0,0,0,0,0,Aston Villa (Home),5
Osula,FWD,Newcastle,5.5,0.1,0.0,a,0,0,0,0,0,1,0,0.05,0.16,0.21,3.18,0,0,0,0,0,0,0,False,,,,0.0,0.0,0.0,0.0,0,0,0,0,Aston Villa (Home),3
Neave,FWD,Newcastle,4.5,0.6,0.0,a,0,0,0,0,0,0,0,0.0,0.0,0.0,0.0,0,0,0,0,0,0,0,False,,,,0.0,0.0,0.0,0.0,0,0,0,0,Aston Villa (Home),2
Sels,GKP,Nott'm Forest,5.0,13.3,0.0,a,0,0,0,0,0,0,1,0.26,0.0,0.26,50.17,0,0,0,0,0,0,0,False,,,,0.0,0.0,0.0,0.0,0,0,0,0,Brentford (Away),5
C.Miguel,GKP,Nott'm Forest,4.0,0.6,0.0,a,0,0,0,0,0,0,0,0.0,0.0,0.0,0.0,0,0,0,0,0,0,0,False,,,,0.0,0.0,0.0,0.0,0,0,0,0,Brentford (Away),2
Turner,GKP,Nott'm Forest,4.0,1.7,0.0,a,0,0,0,0,0,0,0,0.0,0.0,0.0,0.0,0,0,0,0,0,0,0,False,,,,0.0,0.0,0.0,0.0,0,0,0,0,Brentford (Away),2
Milenković,DEF,Nott'm Forest,5.5,5.7,0.0,a,0,0,0,0,0,5,2,0.73,4.05,4.78,48.95,0,0,0,0,0,0,0,False,,,,0.0,0.0,0.0,0.0,0,0,0,0,Brentford (Away),5
Murillo,DEF,Nott'm Forest,5.5,2.2,0.0,a,0,0,0,0,0,2,0,1.15,1.47,2.62,47.42,0,0,0,0,0,0,0,False,,,,0.0,0.0,0.0,0.0,0,0,0,0,Brentford (Away),5
Aina,DEF,Nott'm Forest,5.0,10.6,0.0,a,0,0,0,0,0,2,1,2.25,0.63,2.88,40.59,0,0,0,0,0,0,0,False,,,,0.0,0.0,0.0,0.0,0,0,0,0,Brentford (Away),5
N.Williams,DEF,Nott'm Forest,5.0,1.6,0.0,a,0,0,0,0,0,1,3,1.54,2.29,3.83,38.5,0,0,0,0,0,0,0,False,,,,0.0,0.0,0.0,0.0,0,0,0,0,Brentford (Away),5
David Carmo,DEF,Nott'm Forest,4.5,0.2,0.0,a,0,0,0,0,0,0,0,0.0,0.0,0.0,0.0,0,0,0,0,0,0,0,False,,,,0.0,0.0,0.0,0.0,0,0,0,0,Brentford (Away),2
Jair Cunha,DEF,Nott'm Forest,4.5,0.2,0.0,a,0,0,0,0,0,0,0,0.0,0.0,0.0,0.0,0,0,0,0,0,0,0,False,,,,0.0,0.0,0.0,0.0,0,0,0,0,Brentford (Away),2
Morato,DEF,Nott'm Forest,4.5,0.2,0.0,a,0,0,0,0,0,0,0,0.03,0.18,0.21,14.21,0,0,0,0,0,0,0,False,,,,0.0,0.0,0.0,0.0,0,0,0,0,Brentford (Away),5
O.Richards,DEF,Nott'm Forest,4.5,0.2,0.0,a,0,0,0,0,0,0,0,0.0,0.0,0.0,0.0,0,0,0,0,0,0,0,False,,,,0.0,0.0,0.0,0.0,0,0,0,0,Brentford (Away),2
Abbott,DEF,Nott'm Forest,4.0,0.7,0.0,a,0,0,0,0,0,0,0,0.0,0.0,0.0,0.0,0,0,0,0,0,0,0,False,,,,0.0,0.0,0.0,0.0,0,0,0,0,Brentford (Away),2
Boly,DEF,Nott'm Forest,4.0,1.1,0.0,a,0,0,0,0,0,0,0,0.0,0.07,0.07,2.68,0,0,0,0,0,0,0,False,,,,0.0,0.0,0.0,0.0,0,0,0,0,Brentford (Away),2
Gibbs-White,MID,Nott'm Forest,7.5,3.5,0.0,a,0,0,0,0,0,7,11,4.68,6.31,10.99,41.21,0,0,0,0,0,0,0,False,,,,0.0,0.0,0.0,0.0,0,0,0,0,Brentford (Away),5
Hudson-Odoi,MID,Nott'm Forest,6.0,2.3,0.0,a,0,0,0,0,0,5,3,2.54,2.52,5.06,27.79,0,0,0,0,0,0,0,False,,,,0.0,0.0,0.0,0.0,0,0,0,0,Brentford (Away),5
Anderson,MID,Nott'm Forest,5.5,0.9,0.0,a,0,0,0,0,0,2,6,3.51,2.04,5.55,40.36,0,0,0,0,0,0,0,False,,,,0.0,0.0,0.0,0.0,0,0,0,0,Brentford (Away),5
Jota,MID,Nott'm Forest,5.5,0.1,0.0,a,0,0,0,0,0,3,2,1.87,2.13,4.0,12.56,0,0,0,0,0,0,0,False,,,,0.0,0.0,0.0,0.0,0,0,0,0,Brentford (Away),5
Dominguez,MID,Nott'm Forest,5.0,0.0,0.0,i,0,0,0,0,0,0,1,1.58,1.58,3.16,31.9,0,0,0,0,0,0,0,False,,,,0.0,0.0,0.0,0.0,0,0,0,0,Brentford (Away),5
O'Brien,MID,Nott'm Forest,5.0,0.2,0.0,a,0,0,0,0,0,0,0,0.0,0.0,0.0,0.0,0,0,0,0,0,0,0,False,,,,0.0,0.0,0.0,0.0,0,0,0,0,Brentford (Away),3
Sangaré,MID,Nott'm Forest,5.0,0.2,0.0,a,0,0,0,0,0,0,1,0.21,0.02,0.23,8.41,0,0,0,0,0,0,0,False,,,,0.0,0.0,0.0,0.0,0,0,0,0,Brentford (Away),3
Yates,MID,Nott'm Forest,5.0,0.3,0.0,a,0,0,0,0,0,2,2,0.47,2.41,2.88,27.84,0,0,0,0,0,0,0,False,,,,0.0,0.0,0.0,0.0,0,0,0,0,Brentford (Away),5
Da Silva Moreira,MID,Nott'm Forest,4.5,0.3,0.0,a,0,0,0,0,0,0,0,0.0,0.0,0.0,0.31,0,0,0,0,0,0,0,False,,,,0.0,0.0,0.0,0.0,0,0,0,0,Brentford (Away),2
Stamenic,MID,Nott'm Forest,4.5,0.2,0.0,a,0,0,0,0,0,0,0,0.0,0.0,0.0,0.0,0,0,0,0,0,0,0,False,,,,0.0,0.0,0.0,0.0,0,0,0,0,Brentford (Away),2
Wood,FWD,Nott'm Forest,7.5,14.6,0.0,a,0,0,0,0,0,20,3,1.59,13.42,15.01,40.64,0,0,0,0,0,0,0,False,,,,0.0,0.0,0.0,0.0,0,0,0,0,Brentford (Away),5
Igor Jesus,FWD,Nott'm Forest,6.0,2.4,0.0,a,0,0,0,0,0,0,0,0.0,0.0,0.0,0.0,0,0,0,0,0,0,0,False,,,,0.0,0.0,0.0,0.0,0,0,0,0,Brentford (Away),3
Awoniyi,FWD,Nott'm Forest,5.5,0.5,0.0,a,0,0,0,0,0,1,0,0.12,2.15,2.27,6.65,0,0,0,0,0,0,0,False,,,,0.0,0.0,0.0,0.0,0,0,0,0,Brentford (Away),5
Patterson,GKP,Sunderland,4.5,1.1,0.0,a,0,0,0,0,0,0,0,0.0,0.0,0.0,0.0,0,0,0,0,0,0,0,False,,,,0.0,0.0,0.0,0.0,0,0,0,0,West Ham (Away),2
Moore,GKP,Sunderland,4.0,1.0,0.0,a,0,0,0,0,0,0,0,0.0,0.0,0.0,0.0,0,0,0,0,0,0,0,False,,,,0.0,0.0,0.0,0.0,0,0,0,0,West Ham (Away),2
Nna Noukeu,GKP,Sunderland,4.0,0.6,0.0,a,0,0,0,0,0,0,0,0.0,0.0,0.0,0.0,0,0,0,0,0,0,0,False,,,,0.0,0.0,0.0,0.0,0,0,0,0,West Ham (Away),2
Ballard,DEF,Sunderland,4.5,0.5,0.0,a,0,0,0,0,0,0,0,0.0,0.0,0.0,0.0,0,0,0,0,0,0,0,False,,,,0.0,0.0,0.0,0.0,0,0,0,0,West Ham (Away),2
Hume,DEF,Sunderland,4.5,0.6,0.0,a,0,0,0,0,0,0,0,0.0,0.0,0.0,0.0,0,0,0,0,0,0,0,False,,,,0.0,0.0,0.0,0.0,0,0,0,0,West Ham (Away),2
Alese,DEF,Sunderland,4.0,0.0,0.0,i,0,0,0,0,0,0,0,0.0,0.0,0.0,0.0,0,0,0,0,0,0,0,False,,,,0.0,0.0,0.0,0.0,0,0,0,0,West Ham (Away),2
Anderson,DEF,Sunderland,4.0,1.1,0.0,a,0,0,0,0,0,0,0,0.0,0.0,0.0,0.0,0,0,0,0,0,0,0,False,,,,0.0,0.0,0.0,0.0,0,0,0,0,West Ham (Away),2
Cirkin,DEF,Sunderland,4.0,0.2,0.0,i,0,0,0,0,0,0,0,0.0,0.0,0.0,0.0,0,0,0,0,0,0,0,False,,,,0.0,0.0,0.0,0.0,0,0,0,0,West Ham (Away),2
Hjelde,DEF,Sunderland,4.0,0.0,0.0,i,0,0,0,0,0,0,0,0.0,0.0,0.0,0.0,0,0,0,0,0,0,0,False,,,,0.0,0.0,0.0,0.0,0,0,0,0,West Ham (Away),2
Huggins,DEF,Sunderland,4.0,0.7,0.0,a,0,0,0,0,0,0,0,0.0,0.0,0.0,0.0,0,0,0,0,0,0,0,False,,,,0.0,0.0,0.0,0.0,0,0,0,0,West Ham (Away),2
Johnson,DEF,Sunderland,4.0,0.8,0.0,a,0,0,0,0,0,0,0,0.0,0.0,0.0,0.0,0,0,0,0,0,0,0,False,,,,0.0,0.0,0.0,0.0,0,0,0,0,West Ham (Away),2
O'Nien,DEF,Sunderland,4.0,0.1,0.0,i,0,0,0,0,0,0,0,0.0,0.0,0.0,0.0,0,0,0,0,0,0,0,False,,,,0.0,0.0,0.0,0.0,0,0,0,0,West Ham (Away),2
Pembele,DEF,Sunderland,4.0,0.7,0.0,a,0,0,0,0,0,0,0,0.0,0.0,0.0,0.0,0,0,0,0,0,0,0,False,,,,0.0,0.0,0.0,0.0,0,0,0,0,West Ham (Away),2
Reinildo,DEF,Sunderland,4.0,4.0,0.0,a,0,0,0,0,0,0,0,0.0,0.0,0.0,0.0,0,0,0,0,0,0,0,False,,,,0.0,0.0,0.0,0.0,0,0,0,0,West Ham (Away),2
Seelt,DEF,Sunderland,4.0,0.8,0.0,a,0,0,0,0,0,0,0,0.0,0.0,0.0,0.0,0,0,0,0,0,0,0,False,,,,0.0,0.0,0.0,0.0,0,0,0,0,West Ham (Away),2
Adingra,MID,Sunderland,5.5,2.9,0.0,a,0,0,0,0,0,2,3,2.73,2.47,5.2,18.94,0,0,0,0,0,0,0,False,,,,0.0,0.0,0.0,0.0,0,0,0,0,West Ham (Away),5
Diarra,MID,Sunderland,5.5,0.3,0.0,a,0,0,0,0,0,0,0,0.0,0.0,0.0,0.0,0,0,0,0,0,0,0,False,,,,0.0,0.0,0.0,0.0,0,0,0,0,West Ham (Away),3
Roberts,MID,Sunderland,5.5,0.1,0.0,a,0,0,0,0,0,0,0,0.0,0.0,0.0,0.0,0,0,0,0,0,0,0,False,,,,0.0,0.0,0.0,0.0,0,0,0,0,West Ham (Away),3
Aleksić,MID,Sunderland,5.0,0.2,0.0,a,0,0,0,0,0,0,0,0.0,0.0,0.0,0.0,0,0,0,0,0,0,0,False,,,,0.0,0.0,0.0,0.0,0,0,0,0,West Ham (Away),3
E.Le Fée,MID,Sunderland,5.0,1.8,0.0,a,0,0,0,0,0,0,0,0.0,0.0,0.0,0.0,0,0,0,0,0,0,0,False,,,,0.0,0.0,0.0,0.0,0,0,0,0,West Ham (Away),3
Mundle,MID,Sunderland,5.0,0.2,0.0,a,0,0,0,0,0,0,0,0.0,0.0,0.0,0.0,0,0,0,0,0,0,0,False,,,,0.0,0.0,0.0,0.0,0,0,0,0,West Ham (Away),3
Neil,MID,Sunderland,5.0,0.2,0.0,a,0,0,0,0,0,0,0,0.0,0.0,0.0,0.0,0,0,0,0,0,0,0,False,,,,0.0,0.0,0.0,0.0,0,0,0,0,West Ham (Away),3
Poveda,MID,Sunderland,5.0,0.2,0.0,a,0,0,0,0,0,0,0,0.0,0.0,0.0,0.0,0,0,0,0,0,0,0,False,,,,0.0,0.0,0.0,0.0,0,0,0,0,West Ham (Away),3
Rigg,MID,Sunderland,5.0,0.3,0.0,a,0,0,0,0,0,0,0,0.0,0.0,0.0,0.0,0,0,0,0,0,0,0,False,,,,0.0,0.0,0.0,0.0,0,0,0,0,West Ham (Away),3
Sadiki,MID,Sunderland,5.0,0.2,0.0,a,0,0,0,0,0,0,0,0.0,0.0,0.0,0.0,0,0,0,0,0,0,0,False,,,,0.0,0.0,0.0,0.0,0,0,0,0,West Ham (Away),3
Talbi,MID,Sunderland,5.0,0.4,0.0,a,0,0,0,0,0,0,0,0.0,0.0,0.0,0.0,0,0,0,0,0,0,0,False,,,,0.0,0.0,0.0,0.0,0,0,0,0,West Ham (Away),3
Ba,MID,Sunderland,4.5,0.4,0.0,a,0,0,0,0,0,0,0,0.0,0.0,0.0,0.0,0,0,0,0,0,0,0,False,,,,0.0,0.0,0.0,0.0,0,0,0,0,West Ham (Away),2
Browne,MID,Sunderland,4.5,0.2,0.0,a,0,0,0,0,0,0,0,0.0,0.0,0.0,0.0,0,0,0,0,0,0,0,False,,,,0.0,0.0,0.0,0.0,0,0,0,0,West Ham (Away),2
Ekwah,MID,Sunderland,4.5,0.2,0.0,a,0,0,0,0,0,0,0,0.0,0.0,0.0,0.0,0,0,0,0,0,0,0,False,,,,0.0,0.0,0.0,0.0,0,0,0,0,West Ham (Away),2
H.Jones,MID,Sunderland,4.5,0.1,0.0,a,0,0,0,0,0,0,0,0.0,0.0,0.0,0.0,0,0,0,0,0,0,0,False,,,,0.0,0.0,0.0,0.0,0,0,0,0,West Ham (Away),2
Matete,MID,Sunderland,4.5,0.3,0.0,a,0,0,0,0,0,0,0,0.0,0.0,0.0,0.0,0,0,0,0,0,0,0,False,,,,0.0,0.0,0.0,0.0,0,0,0,0,West Ham (Away),2
Triantis,MID,Sunderland,4.5,0.2,0.0,a,0,0,0,0,0,0,0,0.0,0.0,0.0,0.0,0,0,0,0,0,0,0,False,,,,0.0,0.0,0.0,0.0,0,0,0,0,West Ham (Away),2
Isidor,FWD,Sunderland,5.5,0.6,0.0,a,0,0,0,0,0,0,0,0.0,0.0,0.0,0.0,0,0,0,0,0,0,0,False,,,,0.0,0.0,0.0,0.0,0,0,0,0,West Ham (Away),3
Mayenda,FWD,Sunderland,5.5,0.9,0.0,a,0,0,0,0,0,0,0,0.0,0.0,0.0,0.0,0,0,0,0,0,0,0,False,,,,0.0,0.0,0.0,0.0,0,0,0,0,West Ham (Away),3
Abdullahi,FWD,Sunderland,4.5,1.9,0.0,a,0,0,0,0,0,0,0,0.0,0.0,0.0,0.0,0,0,0,0,0,0,0,False,,,,0.0,0.0,0.0,0.0,0,0,0,0,West Ham (Away),2
Luís Hemir,FWD,Sunderland,4.5,0.7,0.0,a,0,0,0,0,0,0,0,0.0,0.0,0.0,0.0,0,0,0,0,0,0,0,False,,,,0.0,0.0,0.0,0.0,0,0,0,0,West Ham (Away),2
Rusyn,FWD,Sunderland,4.5,0.8,0.0,a,0,0,0,0,0,0,0,0.0,0.0,0.0,0.0,0,0,0,0,0,0,0,False,,,,0.0,0.0,0.0,0.0,0,0,0,0,West Ham (Away),2
Vicario,GKP,Spurs,5.0,4.4,0.0,a,0,0,0,0,0,0,0,0.0,0.0,0.0,33.6,0,0,0,0,0,0,0,False,,,,0.0,0.0,0.0,0.0,0,0,0,0,Burnley (Away),5
Austin,GKP,Spurs,4.0,0.5,0.0,a,0,0,0,0,0,0,0,0.0,0.0,0.0,2.53,0,0,0,0,0,0,0,False,,,,0.0,0.0,0.0,0.0,0,0,0,0,Burnley (Away),2
Kinsky,GKP,Spurs,4.0,2.5,0.0,a,0,0,0,0,0,0,0,0.01,0.0,0.01,11.8,0,0,0,0,0,0,0,False,,,,0.0,0.0,0.0,0.0,0,0,0,0,Burnley (Away),2
Pedro Porro,DEF,Spurs,5.5,7.7,0.0,a,0,0,0,0,0,2,6,4.71,1.63,6.34,49.37,0,0,0,0,0,0,0,False,,,,0.0,0.0,0.0,0.0,0,0,0,0,Burnley (Away),5
Romero,DEF,Spurs,5.0,1.3,0.0,a,0,0,0,0,0,1,1,0.81,1.52,2.33,19.31,0,0,0,0,0,0,0,False,,,,0.0,0.0,0.0,0.0,0,0,0,0,Burnley (Away),5
Danso,DEF,Spurs,4.5,0.3,0.0,a,0,0,0,0,0,0,0,0.12,0.4,0.52,17.19,0,0,0,0,0,0,0,False,,,,0.0,0.0,0.0,0.0,0,0,0,0,Burnley (Away),5
Davies,DEF,Spurs,4.5,0.2,0.0,a,0,0,0,0,0,0,0,0.5,0.27,0.77,25.79,0,0,0,0,0,0,0,False,,,,0.0,0.0,0.0,0.0,0,0,0,0,Burnley (Away),5
Dragusin,DEF,Spurs,4.5,0.0,0.0,i,0,0,0,0,0,0,0,0.16,0.13,0.29,28.59,0,0,0,0,0,0,0,False,,,,0.0,0.0,0.0,0.0,0,0,0,0,Burnley (Away),5
Spence,DEF,Spurs,4.5,0.6,0.0,a,0,0,0,0,0,1,2,1.41,0.58,1.99,34.79,0,0,0,0,0,0,0,False,,,,0.0,0.0,0.0,0.0,0,0,0,0,Burnley (Away),5
Udogie,DEF,Spurs,4.5,6.5,0.0,a,0,0,0,0,0,0,1,1.22,0.31,1.53,33.28,0,0,0,0,0,0,0,False,,,,0.0,0.0,0.0,0.0,0,0,0,0,Burnley (Away),5
Van de Ven,DEF,Spurs,4.5,6.2,0.0,a,0,0,0,0,0,0,2,0.7,0.54,1.24,13.28,0,0,0,0,0,0,0,False,,,,0.0,0.0,0.0,0.0,0,0,0,0,Burnley (Away),0
Phillips,DEF,Spurs,4.0,0.9,0.0,a,0,0,0,0,0,0,0,0.0,0.0,0.0,0.0,0,0,0,0,0,0,0,False,,,,0.0,0.0,0.0,0.0,0,0,0,0,Burnley (Away),2
Takai,DEF,Spurs,4.0,0.8,0.0,a,0,0,0,0,0,0,0,0.0,0.0,0.0,0.0,0,0,0,0,0,0,0,False,,,,0.0,0.0,0.0,0.0,0,0,0,0,Burnley (Away),2
Vuskovic,DEF,Spurs,4.0,2.7,0.0,a,0,0,0,0,0,0,0,0.0,0.0,0.0,0.0,0,0,0,0,0,0,0,False,,,,0.0,0.0,0.0,0.0,0,0,0,0,Burnley (Away),2
Son,MID,Spurs,8.5,4.0,0.0,a,0,0,0,0,0,7,10,4.97,7.25,12.22,37.99,0,0,0,0,0,0,0,False,,,,0.0,0.0,0.0,0.0,0,0,0,0,Burnley (Away),5
Johnson,MID,Spurs,7.0,9.5,0.0,a,0,0,0,0,0,11,6,1.99,10.75,12.74,38.88,0,0,0,0,0,0,0,False,,,,0.0,0.0,0.0,0.0,0,0,0,0,Burnley (Away),5
Maddison,MID,Spurs,7.0,8.8,0.0,a,0,0,0,0,0,9,8,5.92,5.54,11.46,32.39,0,0,0,0,0,0,0,False,,,,0.0,0.0,0.0,0.0,0,0,0,0,Burnley (Away),5
Kudus,MID,Spurs,6.5,16.5,0.0,a,0,0,0,0,0,5,4,2.67,6.97,9.64,43.46,0,0,0,0,0,0,0,False,,,,0.0,0.0,0.0,0.0,0,0,0,0,Burnley (Away),5
Kulusevski,MID,Spurs,6.5,0.0,0.0,i,0,0,0,0,0,7,4,4.03,4.06,8.09,42.39,0,0,0,0,0,0,0,False,,,,0.0,0.0,0.0,0.0,0,0,0,0,Burnley (Away),5
Tel,MID,Spurs,6.5,0.2,0.0,a,0,0,0,0,0,2,2,1.55,2.96,4.51,17.39,0,0,0,0,0,0,0,False,,,,0.0,0.0,0.0,0.0,0,0,0,0,Burnley (Away),5
Bentancur,MID,Spurs,5.5,0.1,0.0,a,0,0,0,0,0,2,0,1.02,1.36,2.38,26.87,0,0,0,0,0,0,0,False,,,,0.0,0.0,0.0,0.0,0,0,0,0,Burnley (Away),5
Bergvall,MID,Spurs,5.5,0.2,0.0,a,0,0,0,0,0,0,2,0.82,0.71,1.53,24.33,0,0,0,0,0,0,0,False,,,,0.0,0.0,0.0,0.0,0,0,0,0,Burnley (Away),5
Bissouma,MID,Spurs,5.5,0.2,0.0,a,0,0,0,0,0,2,0,0.48,0.64,1.12,26.38,0,0,0,0,0,0,0,False,,,,0.0,0.0,0.0,0.0,0,0,0,0,Burnley (Away),5
Odobert,MID,Spurs,5.5,0.1,0.0,a,0,0,0,0,0,1,0,0.76,1.63,2.39,16.29,0,0,0,0,0,0,0,False,,,,0.0,0.0,0.0,0.0,0,0,0,0,Burnley (Away),5
Solomon,MID,Spurs,5.5,0.1,0.0,a,0,0,0,0,0,0,0,0.0,0.0,0.0,0.0,0,0,0,0,0,0,0,False,,,,0.0,0.0,0.0,0.0,0,0,0,0,Burnley (Away),3
Bryan,MID,Spurs,5.0,0.2,0.0,a,0,0,0,0,0,0,0,0.0,0.0,0.0,0.0,0,0,0,0,0,0,0,False,,,,0.0,0.0,0.0,0.0,0,0,0,0,Burnley (Away),3
Gray,MID,Spurs,5.0,0.3,0.0,a,0,0,0,0,0,0,0,0.19,0.03,0.22,37.33,0,0,0,0,0,0,0,False,,,,0.0,0.0,0.0,0.0,0,0,0,0,Burnley (Away),5
Moore,MID,Spurs,5.0,0.2,0.0,a,0,0,0,0,0,0,2,0.56,0.2,0.76,6.87,0,0,0,0,0,0,0,False,,,,0.0,0.0,0.0,0.0,0,0,0,0,Burnley (Away),3
P.M.Sarr,MID,Spurs,5.0,0.9,0.0,a,0,0,0,0,0,3,2,0.78,3.72,4.5,36.38,0,0,0,0,0,0,0,False,,,,0.0,0.0,0.0,0.0,0,0,0,0,Burnley (Away),5
Min-hyeok,MID,Spurs,4.5,0.2,0.0,a,0,0,0,0,0,0,0,0.0,0.0,0.0,0.0,0,0,0,0,0,0,0,False,,,,0.0,0.0,0.0,0.0,0,0,0,0,Burnley (Away),2
Olusesi,MID,Spurs,4.5,0.2,0.0,a,0,0,0,0,0,0,0,0.0,0.0,0.0,0.0,0,0,0,0,0,0,0,False,,,,0.0,0.0,0.0,0.0,0,0,0,0,Burnley (Away),2
Solanke,FWD,Spurs,7.5,16.2,0.0,a,0,0,0,0,0,9,5,1.13,10.89,12.02,40.14,0,0,0,0,0,0,0,False,,,,0.0,0.0,0.0,0.0,0,0,0,0,Burnley (Away),5
Richarlison,FWD,Spurs,6.5,1.5,0.0,a,0,0,0,0,0,4,1,0.6,3.71,4.31,7.29,0,0,0,0,0,0,0,False,,,,0.0,0.0,0.0,0.0,0,0,0,0,Burnley (Away),5
Lankshear,FWD,Spurs,4.5,0.9,0.0,a,0,0,0,0,0,0,0,0.0,0.0,0.0,0.02,0,0,0,0,0,0,0,False,,,,0.0,0.0,0.0,0.0,0,0,0,0,Burnley (Away),2
Scarlett,FWD,Spurs,4.5,1.2,0.0,a,0,0,0,0,0,0,1,0.0,0.04,0.04,0.83,0,0,0,0,0,0,0,False,,,,0.0,0.0,0.0,0.0,0,0,0,0,Burnley (Away),2
Areola,GKP,West Ham,4.5,5.3,0.0,a,0,0,0,0,0,0,0,0.0,0.0,0.0,37.78,0,0,0,0,0,0,0,False,,,,0.0,0.0,0.0,0.0,0,0,0,0,Sunderland (Home),5
Foderingham,GKP,West Ham,4.0,1.4,0.0,a,0,0,0,0,0,0,0,0.0,0.0,0.0,0.0,0,0,0,0,0,0,0,False,,,,0.0,0.0,0.0,0.0,0,0,0,0,Sunderland (Home),2
Hegyi,GKP,West Ham,4.0,0.6,0.0,a,0,0,0,0,0,0,0,0.0,0.0,0.0,0.0,0,0,0,0,0,0,0,False,,,,0.0,0.0,0.0,0.0,0,0,0,0,Sunderland (Home),2
Diouf,DEF,West Ham,4.5,0.9,0.0,a,0,0,0,0,0,0,0,0.0,0.0,0.0,0.0,0,0,0,0,0,0,0,False,,,,0.0,0.0,0.0,0.0,0,0,0,0,Sunderland (Home),2
Emerson,DEF,West Ham,4.5,0.4,0.0,a,0,0,0,0,0,2,1,2.19,1.95,4.14,37.51,0,0,0,0,0,0,0,False,,,,0.0,0.0,0.0,0.0,0,0,0,0,Sunderland (Home),5
Kilman,DEF,West Ham,4.5,0.5,0.0,a,0,0,0,0,0,0,1,1.19,1.55,2.74,59.71,0,0,0,0,0,0,0,False,,,,0.0,0.0,0.0,0.0,0,0,0,0,Sunderland (Home),5
Mavropanos,DEF,West Ham,4.5,0.2,0.0,a,0,0,0,0,0,0,0,0.39,1.61,2.0,37.11,0,0,0,0,0,0,0,False,,,,0.0,0.0,0.0,0.0,0,0,0,0,Sunderland (Home),5
N.Aguerd,DEF,West Ham,4.5,0.2,0.0,a,0,0,0,0,0,0,0,0.0,0.0,0.0,0.0,0,0,0,0,0,0,0,False,,,,0.0,0.0,0.0,0.0,0,0,0,0,Sunderland (Home),2
Scarles,DEF,West Ham,4.5,0.2,0.0,a,0,0,0,0,0,0,0,0.18,0.11,0.29,10.12,0,0,0,0,0,0,0,False,,,,0.0,0.0,0.0,0.0,0,0,0,0,Sunderland (Home),2
Todibo,DEF,West Ham,4.5,0.3,0.0,a,0,0,0,0,0,0,0,0.06,0.36,0.42,29.86,0,0,0,0,0,0,0,False,,,,0.0,0.0,0.0,0.0,0,0,0,0,Sunderland (Home),5
Wan-Bissaka,DEF,West Ham,4.5,14.6,0.0,a,0,0,0,0,0,2,6,2.75,1.18,3.93,56.95,0,0,0,0,0,0,0,False,,,,0.0,0.0,0.0,0.0,0,0,0,0,Sunderland (Home),5
Casey,DEF,West Ham,4.0,1.2,0.0,a,0,0,0,0,0,0,0,0.0,0.0,0.0,0.09,0,0,0,0,0,0,0,False,,,,0.0,0.0,0.0,0.0,0,0,0,0,Sunderland (Home),2
L.Paquetá,MID,West Ham,6.0,0.6,0.0,a,0,0,0,0,0,4,1,3.36,5.36,8.72,43.32,0,0,0,0,0,0,0,False,,,,0.0,0.0,0.0,0.0,0,0,0,0,Sunderland (Home),5
Souček,MID,West Ham,6.0,0.6,0.0,a,0,0,0,0,0,9,2,1.27,6.6,7.87,44.29,0,0,0,0,0,0,0,False,,,,0.0,0.0,0.0,0.0,0,0,0,0,Sunderland (Home),5
Ward-Prowse,MID,West Ham,6.0,0.3,0.0,a,0,0,0,0,0,1,2,2.68,1.59,4.27,19.29,0,0,0,0,0,0,0,False,,,,0.0,0.0,0.0,0.0,0,0,0,0,Sunderland (Home),5
Summerville,MID,West Ham,5.5,0.0,0.0,i,0,0,0,0,0,1,1,1.71,1.61,3.32,17.58,0,0,0,0,0,0,0,False,,,,0.0,0.0,0.0,0.0,0,0,0,0,Sunderland (Home),5
Álvarez,MID,West Ham,5.0,0.3,0.0,a,0,0,0,0,0,0,1,0.89,0.39,1.28,30.15,0,0,0,0,0,0,0,False,,,,0.0,0.0,0.0,0.0,0,0,0,0,Sunderland (Home),5
Cornet,MID,West Ham,5.0,0.2,0.0,a,0,0,0,0,0,0,0,0.0,0.16,0.16,1.79,0,0,0,0,0,0,0,False,,,,0.0,0.0,0.0,0.0,0,0,0,0,Sunderland (Home),3
G.Rodriguez,MID,West Ham,5.0,0.2,0.0,a,0,0,0,0,0,0,1,0.17,0.22,0.39,20.67,0,0,0,0,0,0,0,False,,,,0.0,0.0,0.0,0.0,0,0,0,0,Sunderland (Home),5
L.Guilherme,MID,West Ham,5.0,0.2,0.0,a,0,0,0,0,0,0,0,0.13,0.42,0.55,2.61,0,0,0,0,0,0,0,False,,,,0.0,0.0,0.0,0.0,0,0,0,0,Sunderland (Home),3
Earthy,MID,West Ham,4.5,0.3,0.0,a,0,0,0,0,0,0,0,0.0,0.0,0.0,0.0,0,0,0,0,0,0,0,False,,,,0.0,0.0,0.0,0.0,0,0,0,0,Sunderland (Home),2
Irving,MID,West Ham,4.5,0.6,0.0,a,0,0,0,0,0,0,0,0.12,0.13,0.25,4.48,0,0,0,0,0,0,0,False,,,,0.0,0.0,0.0,0.0,0,0,0,0,Sunderland (Home),2
Orford,MID,West Ham,4.5,0.2,0.0,a,0,0,0,0,0,0,0,0.04,0.03,0.07,1.23,0,0,0,0,0,0,0,False,,,,0.0,0.0,0.0,0.0,0,0,0,0,Sunderland (Home),2
Potts,MID,West Ham,4.5,0.6,0.0,a,0,0,0,0,0,0,0,0.0,0.0,0.0,0.0,0,0,0,0,0,0,0,False,,,,0.0,0.0,0.0,0.0,0,0,0,0,Sunderland (Home),2
Bowen,FWD,West Ham,8.0,35.8,0.0,a,0,0,0,0,0,13,11,6.47,8.6,15.07,51.12,0,0,0,0,0,0,0,False,,,,0.0,0.0,0.0,0.0,0,0,0,0,Sunderland (Home),5
Füllkrug,FWD,West Ham,6.0,1.9,0.0,a,0,0,0,0,0,3,2,0.47,2.14,2.61,14.22,0,0,0,0,0,0,0,False,,,,0.0,0.0,0.0,0.0,0,0,0,0,Sunderland (Home),5
Marshall,FWD,West Ham,4.5,1.2,0.0,a,0,0,0,0,0,0,0,0.0,0.0,0.0,0.0,0,0,0,0,0,0,0,False,,,,0.0,0.0,0.0,0.0,0,0,0,0,Sunderland (Home),2
Johnstone,GKP,Wolves,4.5,0.3,0.0,a,0,0,0,0,0,0,0,0.0,0.0,0.0,12.98,0,0,0,0,0,0,0,False,,,,0.0,0.0,0.0,0.0,0,0,0,0,Man City (Away),2
José Sá,GKP,Wolves,4.5,2.6,0.0,a,0,0,0,0,0,0,0,0.01,0.0,0.01,42.22,0,0,0,0,0,0,0,False,,,,0.0,0.0,0.0,0.0,0,0,0,0,Man City (Away),5
Bentley,GKP,Wolves,4.0,1.5,0.0,a,0,0,0,0,0,0,0,0.0,0.0,0.0,3.01,0,0,0,0,0,0,0,False,,,,0.0,0.0,0.0,0.0,0,0,0,0,Man City (Away),2
King,GKP,Wolves,4.0,3.0,0.0,a,0,0,0,0,0,0,0,0.0,0.0,0.0,0.14,0,0,0,0,0,0,0,False,,,,0.0,0.0,0.0,0.0,0,0,0,0,Man City (Away),2
Agbadou,DEF,Wolves,4.5,0.4,0.0,a,0,0,0,0,0,1,0,0.32,0.9,1.22,23.12,0,0,0,0,0,0,0,False,,,,0.0,0.0,0.0,0.0,0,0,0,0,Man City (Away),5
Doherty,DEF,Wolves,4.5,0.3,0.0,a,0,0,0,0,0,2,1,1.24,1.12,2.36,32.68,0,0,0,0,0,0,0,False,,,,0.0,0.0,0.0,0.0,0,0,0,0,Man City (Away),5
H.Bueno,DEF,Wolves,4.5,0.2,0.0,a,0,0,0,0,0,0,0,0.0,0.0,0.0,0.0,0,0,0,0,0,0,0,False,,,,0.0,0.0,0.0,0.0,0,0,0,0,Man City (Away),2
Mosquera,DEF,Wolves,4.5,0.2,0.0,a,0,0,0,0,0,0,0,0.03,0.33,0.36,5.63,0,0,0,0,0,0,0,False,,,,0.0,0.0,0.0,0.0,0,0,0,0,Man City (Away),2
R.Gomes,DEF,Wolves,4.5,0.3,0.0,a,0,0,0,0,0,2,0,0.87,0.72,1.59,16.09,0,0,0,0,0,0,0,False,,,,0.0,0.0,0.0,0.0,0,0,0,0,Man City (Away),5
S.Bueno,DEF,Wolves,4.5,0.2,0.0,a,0,0,0,0,0,0,0,0.1,0.45,0.55,29.4,0,0,0,0,0,0,0,False,,,,0.0,0.0,0.0,0.0,0,0,0,0,Man City (Away),5
Toti,DEF,Wolves,4.5,0.3,0.0,a,0,0,0,0,0,0,1,0.6,0.73,1.33,41.65,0,0,0,0,0,0,0,False,,,,0.0,0.0,0.0,0.0,0,0,0,0,Man City (Away),5
Hoever,DEF,Wolves,4.0,1.4,0.0,a,0,0,0,0,0,0,0,0.0,0.0,0.0,0.0,0,0,0,0,0,0,0,False,,,,0.0,0.0,0.0,0.0,0,0,0,0,Man City (Away),2
Meupiyou,DEF,Wolves,4.0,0.9,0.0,a,0,0,0,0,0,0,0,0.0,0.0,0.0,0.0,0,0,0,0,0,0,0,False,,,,0.0,0.0,0.0,0.0,0,0,0,0,Man City (Away),2
Pedro Lima,DEF,Wolves,4.0,1.8,0.0,a,0,0,0,0,0,0,0,0.1,0.06,0.16,0.77,0,0,0,0,0,0,0,False,,,,0.0,0.0,0.0,0.0,0,0,0,0,Man City (Away),2
Pond,DEF,Wolves,4.0,2.0,0.0,a,0,0,0,0,0,0,0,0.0,0.0,0.0,0.0,0,0,0,0,0,0,0,False,,,,0.0,0.0,0.0,0.0,0,0,0,0,Man City (Away),2
Hee Chan,MID,Wolves,6.0,0.3,0.0,a,0,0,0,0,0,2,1,0.35,0.79,1.14,12.57,0,0,0,0,0,0,0,False,,,,0.0,0.0,0.0,0.0,0,0,0,0,Man City (Away),3
André,MID,Wolves,5.5,0.2,0.0,a,0,0,0,0,0,0,0,0.52,0.41,0.93,40.79,0,0,0,0,0,0,0,False,,,,0.0,0.0,0.0,0.0,0,0,0,0,Man City (Away),5
Bellegarde,MID,Wolves,5.5,0.2,0.0,a,0,0,0,0,0,2,7,2.74,1.46,4.2,26.55,0,0,0,0,0,0,0,False,,,,0.0,0.0,0.0,0.0,0,0,0,0,Man City (Away),5
Fer López,MID,Wolves,5.5,0.2,0.0,a,0,0,0,0,0,0,0,0.0,0.0,0.0,0.0,0,0,0,0,0,0,0,False,,,,0.0,0.0,0.0,0.0,0,0,0,0,Man City (Away),3
Gomes,MID,Wolves,5.5,0.2,0.0,a,0,0,0,0,0,3,1,2.61,2.94,5.55,49.5,0,0,0,0,0,0,0,False,,,,0.0,0.0,0.0,0.0,0,0,0,0,Man City (Away),5
Guedes,MID,Wolves,5.5,0.2,0.0,a,0,0,0,0,0,2,4,0.92,3.28,4.2,18.83,0,0,0,0,0,0,0,False,,,,0.0,0.0,0.0,0.0,0,0,0,0,Man City (Away),5
Munetsi,MID,Wolves,5.5,0.2,0.0,a,0,0,0,0,0,2,2,1.08,3.32,4.39,14.59,0,0,0,0,0,0,0,False,,,,0.0,0.0,0.0,0.0,0,0,0,0,Man City (Away),5
B.Traore,MID,Wolves,5.0,0.2,0.0,a,0,0,0,0,0,0,0,0.0,0.0,0.0,0.0,0,0,0,0,0,0,0,False,,,,0.0,0.0,0.0,0.0,0,0,0,0,Man City (Away),3
Chirewa,MID,Wolves,4.5,0.5,0.0,a,0,0,0,0,0,0,0,0.0,0.0,0.0,0.0,0,0,0,0,0,0,0,False,,,,0.0,0.0,0.0,0.0,0,0,0,0,Man City (Away),2
Edozie,MID,Wolves,4.5,0.4,0.0,a,0,0,0,0,0,0,0,0.0,0.0,0.0,0.0,0,0,0,0,0,0,0,False,,,,0.0,0.0,0.0,0.0,0,0,0,0,Man City (Away),2
Gonzalez,MID,Wolves,4.5,0.4,0.0,a,0,0,0,0,0,0,0,0.0,0.0,0.0,0.0,0,0,0,0,0,0,0,False,,,,0.0,0.0,0.0,0.0,0,0,0,0,Man City (Away),2
Hodge,MID,Wolves,4.5,1.3,0.0,a,0,0,0,0,0,0,0,0.0,0.0,0.0,0.0,0,0,0,0,0,0,0,False,,,,0.0,0.0,0.0,0.0,0,0,0,0,Man City (Away),2
Strand Larsen,FWD,Wolves,6.5,7.3,0.0,a,0,0,0,0,0,14,4,1.0,10.14,11.14,43.94,0,0,0,0,0,0,0,False,,,,0.0,0.0,0.0,0.0,0,0,0,0,Man City (Away),5
Fábio Silva,FWD,Wolves,5.0,0.9,0.0,a,0,0,0,0,0,0,0,0.0,0.0,0.0,0.0,0,0,0,0,0,0,0,False,,,,0.0,0.0,0.0,0.0,0,0,0,0,Man City (Away),3
Kalajdžić,FWD,Wolves,5.0,0.6,0.0,a,0,0,0,0,0,0,0,0.0,0.0,0.0,0.0,0,0,0,0,0,0,0,False,,,,0.0,0.0,0.0,0.0,0,0,0,0,Man City (Away),3
Chiwome,FWD,Wolves,4.5,0.1,0.0,i,0,0,0,0,0,0,0,0.0,0.0,0.0,0.0,0,0,0,0,0,0,0,False,,,,0.0,0.0,0.0,0.0,0,0,0,0,Man City (Away),2
Fraser,FWD,Wolves,4.5,2.8,0.0,a,0,0,0,0,0,0,0,0.0,0.0,0.0,0.0,0,0,0,0,0,0,0,False,,,,0.0,0.0,0.0,0.0,0,0,0,0,Man City (Away),2
